Code,Metric,Year,Value
ABW,rgdpe,1970,400.0580444
ABW,pop,1970,0.059063
ABW,rgdpe,1980,955.5754395
ABW,pop,1980,0.060096
ABW,rgdpe,1990,2575.103027
ABW,pop,1990,0.062149
ABW,rgdpe,2000,4030.895508
ABW,pop,2000,0.090853
ABW,rgdpe,2010,4012.447266
ABW,pop,2010,0.101669
ABW,rgdpe,2019,3921.091064
ABW,pop,2019,0.106314
AGO,rgdpe,1970,28965.67969
AGO,pop,1970,5.890365
AGO,rgdpe,1980,30376.4668
AGO,pop,1980,8.341289
AGO,rgdpe,1990,36306.23047
AGO,pop,1990,11.848386
AGO,rgdpe,2000,40891.99609
AGO,pop,2000,16.395473
AGO,rgdpe,2010,140727.2188
AGO,pop,2010,23.356246
AGO,rgdpe,2019,228128.2656
AGO,pop,2019,31.825295
AIA,rgdpe,1970,61.81647873
AIA,pop,1970,0.006771
AIA,rgdpe,1980,90.25704193
AIA,pop,1980,0.007285
AIA,rgdpe,1990,206.0646515
AIA,pop,1990,0.008899
AIA,rgdpe,2000,301.9130554
AIA,pop,2000,0.011252
AIA,rgdpe,2010,408.8670654
AIA,pop,2010,0.013438
AIA,rgdpe,2019,376.631897
AIA,pop,2019,0.014869
ALB,rgdpe,1970,6681.513672
ALB,pop,1970,2.150707
ALB,rgdpe,1980,9974.303711
ALB,pop,1980,2.68269
ALB,rgdpe,1990,12005.19141
ALB,pop,1990,3.286073
ALB,rgdpe,2000,15180.15527
ALB,pop,2000,3.129243
ALB,rgdpe,2010,29489.26758
ALB,pop,2010,2.948023
ALB,rgdpe,2019,35888.35547
ALB,pop,2019,2.880917
ARE,rgdpe,1970,66494.14844
ARE,pop,1970,0.234514
ARE,rgdpe,1980,248220.7188
ARE,pop,1980,1.019509
ARE,rgdpe,1990,226935.1406
ARE,pop,1990,1.828432
ARE,rgdpe,2000,342880.1563
ARE,pop,2000,3.134062
ARE,rgdpe,2010,565729.5
ARE,pop,2010,8.549988
ARE,rgdpe,2019,681537.5
ARE,pop,2019,9.770529
ARG,rgdpe,1960,66814.1875
ARG,pop,1960,20.54567357
ARG,rgdpe,1970,96614.45313
ARG,pop,1970,23.880561
ARG,rgdpe,1980,130179.0859
ARG,pop,1980,27.896528
ARG,rgdpe,1990,196679.5469
ARG,pop,1990,32.618651
ARG,rgdpe,2000,528614.1875
ARG,pop,2000,36.870787
ARG,rgdpe,2010,786997.25
ARG,pop,2010,40.895752
ARG,rgdpe,2019,991523.875
ARG,pop,2019,44.780677
ARM,rgdpe,1990,23706.33789
ARM,pop,1990,3.538171
ARM,rgdpe,2000,10086.89648
ARM,pop,2000,3.069591
ARM,rgdpe,2010,23667.55078
ARM,pop,2010,2.877319
ARM,rgdpe,2019,41045.55469
ARM,pop,2019,2.957731
ATG,rgdpe,1970,306.7373962
ATG,pop,1970,0.064177
ATG,rgdpe,1980,440.1016846
ATG,pop,1980,0.061865
ATG,rgdpe,1990,845.1589355
ATG,pop,1990,0.062528
ATG,rgdpe,2000,1268.452271
ATG,pop,2000,0.076016
ATG,rgdpe,2010,1847.867676
ATG,pop,2010,0.088028
ATG,rgdpe,2019,1986.071167
ATG,pop,2019,0.097118
AUS,rgdpe,1960,161633.7031
AUS,pop,1960,10.47001892
AUS,rgdpe,1970,269210.9688
AUS,pop,1970,12.793034
AUS,rgdpe,1980,349081.875
AUS,pop,1980,14.588405
AUS,rgdpe,1990,491972.0625
AUS,pop,1990,16.960597
AUS,rgdpe,2000,729090.5
AUS,pop,2000,18.991431
AUS,rgdpe,2010,1038235.563
AUS,pop,2010,22.154679
AUS,rgdpe,2019,1280769.75
AUS,pop,2019,25.203198
AUT,rgdpe,1960,71713.53125
AUT,pop,1960,7.093827955
AUT,rgdpe,1970,111877.625
AUT,pop,1970,7.516239
AUT,rgdpe,1980,152975.5313
AUT,pop,1980,7.609752
AUT,rgdpe,1990,208000.5
AUT,pop,1990,7.723949
AUT,rgdpe,2000,314569.5
AUT,pop,2000,8.069276
AUT,rgdpe,2010,392196.5
AUT,pop,2010,8.409949
AUT,rgdpe,2019,498010.875
AUT,pop,2019,8.955102
AZE,rgdpe,1990,57290.15234
AZE,pop,1990,7.242761
AZE,rgdpe,2000,23161.69727
AZE,pop,2000,8.122741
AZE,rgdpe,2010,132323.7031
AZE,pop,2010,9.032461
AZE,rgdpe,2019,162107.0938
AZE,pop,2019,10.047718
BDI,rgdpe,1960,2000.516602
BDI,pop,1960,2.781159505
BDI,rgdpe,1970,2837.188965
BDI,pop,1970,3.479074
BDI,rgdpe,1980,3710.860107
BDI,pop,1980,4.157298
BDI,rgdpe,1990,4961.030762
BDI,pop,1990,5.438957
BDI,rgdpe,2000,4335.944824
BDI,pop,2000,6.378871
BDI,rgdpe,2010,6156.555176
BDI,pop,2010,8.675602
BDI,rgdpe,2019,8664.841797
BDI,pop,2019,11.53058
BEL,rgdpe,1960,102913.875
BEL,pop,1960,9.11338252
BEL,rgdpe,1970,165939.8594
BEL,pop,1970,9.63218
BEL,rgdpe,1980,243281.7344
BEL,pop,1980,9.868995
BEL,rgdpe,1990,271999.4688
BEL,pop,1990,10.006544
BEL,rgdpe,2000,378502.0313
BEL,pop,2000,10.282033
BEL,rgdpe,2010,488937.1875
BEL,pop,2010,10.938739
BEL,rgdpe,2019,589430.4375
BEL,pop,2019,11.539328
BEN,rgdpe,1960,3884.827881
BEN,pop,1960,2.284556138
BEN,rgdpe,1970,5972.151855
BEN,pop,1970,2.91234
BEN,rgdpe,1980,7374.770508
BEN,pop,1980,3.717165
BEN,rgdpe,1990,6388.488281
BEN,pop,1990,4.978496
BEN,rgdpe,2000,10899.39551
BEN,pop,2000,6.865951
BEN,rgdpe,2010,17587.11914
BEN,pop,2010,9.199259
BEN,rgdpe,2019,36743.75
BEN,pop,2019,11.801151
BFA,rgdpe,1960,4647.222168
BFA,pop,1960,5.160125616
BFA,rgdpe,1970,5486.750977
BFA,pop,1970,5.6246
BFA,rgdpe,1980,7773.178223
BFA,pop,1980,6.822843
BFA,rgdpe,1990,9579.946289
BFA,pop,1990,8.811034
BFA,rgdpe,2000,15160.63965
BFA,pop,2000,11.607942
BFA,rgdpe,2010,24981.69141
BFA,pop,2010,15.605217
BFA,rgdpe,2019,43609.64453
BFA,pop,2019,20.321378
BGD,rgdpe,1960,83289.77344
BGD,pop,1960,52.08006939
BGD,rgdpe,1970,106080.4609
BGD,pop,1970,64.232482
BGD,rgdpe,1980,102637.1094
BGD,pop,1980,79.639491
BGD,rgdpe,1990,152639.1563
BGD,pop,1990,103.171956
BGD,rgdpe,2000,191051.9063
BGD,pop,2000,127.657854
BGD,rgdpe,2010,372894.6875
BGD,pop,2010,147.57543
BGD,rgdpe,2019,756497.8125
BGD,pop,2019,163.046161
BGR,rgdpe,1970,38292.29688
BGR,pop,1970,8.507551
BGR,rgdpe,1980,73467.07813
BGR,pop,1980,8.878791
BGR,rgdpe,1990,104720.0938
BGR,pop,1990,8.841458
BGR,rgdpe,2000,73985.59375
BGR,pop,2000,7.997957
BGR,rgdpe,2010,123560.8594
BGR,pop,2010,7.425008
BGR,rgdpe,2019,159397.2188
BGR,pop,2019,7.000119
BHR,rgdpe,1970,3449.473145
BHR,pop,1970,0.212605
BHR,rgdpe,1980,8716.956055
BHR,pop,1980,0.359888
BHR,rgdpe,1990,8247.585938
BHR,pop,1990,0.495931
BHR,rgdpe,2000,17489.93945
BHR,pop,2000,0.664611
BHR,rgdpe,2010,60682.85938
BHR,pop,2010,1.24086
BHR,rgdpe,2019,74093.67188
BHR,pop,2019,1.641172
BHS,rgdpe,1970,3239.37915
BHS,pop,1970,0.169377
BHS,rgdpe,1980,5420.140625
BHS,pop,1980,0.210591
BHS,rgdpe,1990,7824.532715
BHS,pop,1990,0.256223
BHS,rgdpe,2000,11541.79199
BHS,pop,2000,0.298051
BHS,rgdpe,2010,12138.64063
BHS,pop,2010,0.354942
BHS,rgdpe,2019,14412.19824
BHS,pop,2019,0.389482
BIH,rgdpe,1990,6945.224609
BIH,pop,1990,4.463423
BIH,rgdpe,2000,21479.18359
BIH,pop,2000,3.751176
BIH,rgdpe,2010,37409.30469
BIH,pop,2010,3.705472
BIH,rgdpe,2019,46948.66797
BIH,pop,2019,3.301
BLR,rgdpe,1990,151162.8438
BLR,pop,1990,10.151134
BLR,rgdpe,2000,89161.27344
BLR,pop,2000,9.871632
BLR,rgdpe,2010,166263.9375
BLR,pop,2010,9.420574
BLR,rgdpe,2019,201426.4219
BLR,pop,2019,9.452411
BLZ,rgdpe,1970,560.5187988
BLZ,pop,1970,0.122182
BLZ,rgdpe,1980,843.8458862
BLZ,pop,1980,0.144155
BLZ,rgdpe,1990,1360.118896
BLZ,pop,1990,0.187552
BLZ,rgdpe,2000,1745.856079
BLZ,pop,2000,0.247315
BLZ,rgdpe,2010,2494.988525
BLZ,pop,2010,0.322464
BLZ,rgdpe,2019,2680.773438
BLZ,pop,2019,0.390353
BMU,rgdpe,1970,1146.617065
BMU,pop,1970,0.052565
BMU,rgdpe,1980,1586.258301
BMU,pop,1980,0.057573
BMU,rgdpe,1990,1956.029663
BMU,pop,1990,0.061634
BMU,rgdpe,2000,2739.71582
BMU,pop,2000,0.065012
BMU,rgdpe,2010,5056.217285
BMU,pop,2010,0.065389
BMU,rgdpe,2019,4998.823242
BMU,pop,2019,0.062506
BOL,rgdpe,1960,5475.521973
BOL,pop,1960,3.5429416
BOL,rgdpe,1970,8295.275391
BOL,pop,1970,4.484004
BOL,rgdpe,1980,12776.41113
BOL,pop,1980,5.579935
BOL,rgdpe,1990,16287.58984
BOL,pop,1990,6.864842
BOL,rgdpe,2000,27823.69922
BOL,pop,2000,8.418264
BOL,rgdpe,2010,54543.86719
BOL,pop,2010,10.04859
BOL,rgdpe,2019,99349.51563
BOL,pop,2019,11.5131
BRA,rgdpe,1960,173109.3125
BRA,pop,1960,71.26694425
BRA,rgdpe,1970,363025.9688
BRA,pop,1970,95.113265
BRA,rgdpe,1980,720661.25
BRA,pop,1980,120.694009
BRA,rgdpe,1990,947197.125
BRA,pop,1990,149.003223
BRA,rgdpe,2000,1639936.625
BRA,pop,2000,174.79034
BRA,rgdpe,2010,2916864.25
BRA,pop,2010,195.713635
BRA,rgdpe,2019,3089203
BRA,pop,2019,211.049527
BRB,rgdpe,1960,2155.208252
BRB,pop,1960,0.232475231
BRB,rgdpe,1970,3608.477051
BRB,pop,1970,0.238896
BRB,rgdpe,1980,3501.09082
BRB,pop,1980,0.252394
BRB,rgdpe,1990,4100.15918
BRB,pop,1990,0.260936
BRB,rgdpe,2000,6461.460938
BRB,pop,2000,0.271515
BRB,rgdpe,2010,5364.115723
BRB,pop,2010,0.282131
BRB,rgdpe,2019,4848.913086
BRB,pop,2019,0.287025
BRN,rgdpe,1970,12960.41895
BRN,pop,1970,0.129529
BRN,rgdpe,1980,34324.78125
BRN,pop,1980,0.193879
BRN,rgdpe,1990,15302.98145
BRN,pop,1990,0.258721
BRN,rgdpe,2000,18974.98047
BRN,pop,2000,0.333165
BRN,rgdpe,2010,30159.58008
BRN,pop,2010,0.388646
BRN,rgdpe,2019,29260.01172
BRN,pop,2019,0.433285
BTN,rgdpe,1970,489.2615662
BTN,pop,1970,0.297316
BTN,rgdpe,1980,714.8883667
BTN,pop,1980,0.406875
BTN,rgdpe,1990,1477.826294
BTN,pop,1990,0.530804
BTN,rgdpe,2000,2624.762451
BTN,pop,2000,0.591021
BTN,rgdpe,2010,5386.910645
BTN,pop,2010,0.685503
BTN,rgdpe,2019,8526.732422
BTN,pop,2019,0.763092
BWA,rgdpe,1960,277.2850647
BWA,pop,1960,0.533875779
BWA,rgdpe,1970,602.5175171
BWA,pop,1970,0.627715
BWA,rgdpe,1980,2451.517578
BWA,pop,1980,0.897868
BWA,rgdpe,1990,9493.291992
BWA,pop,1990,1.286756
BWA,rgdpe,2000,19436.27148
BWA,pop,2000,1.643334
BWA,rgdpe,2010,29089.64844
BWA,pop,2010,1.987105
BWA,rgdpe,2019,39312.02344
BWA,pop,2019,2.303697
CAF,rgdpe,1960,2140.368164
CAF,pop,1960,1.445028485
CAF,rgdpe,1970,2778.334473
CAF,pop,1970,1.811144
CAF,rgdpe,1980,2494.211914
CAF,pop,1980,2.199356
CAF,rgdpe,1990,3352.388428
CAF,pop,1990,2.806734
CAF,rgdpe,2000,3787.625977
CAF,pop,2000,3.640427
CAF,rgdpe,2010,4817.987305
CAF,pop,2010,4.386768
CAF,rgdpe,2019,4532.345215
CAF,pop,2019,4.745185
CAN,rgdpe,1960,268906.2813
CAN,pop,1960,17.95126632
CAN,rgdpe,1970,437864.9375
CAN,pop,1970,21.374326
CAN,rgdpe,1980,676151
CAN,pop,1980,24.416886
CAN,rgdpe,1990,915672.1875
CAN,pop,1990,27.541319
CAN,rgdpe,2000,1276802.25
CAN,pop,2000,30.588383
CAN,rgdpe,2010,1482926.75
CAN,pop,2010,34.147564
CAN,rgdpe,2019,1846458.625
CAN,pop,2019,37.411047
CHE,rgdpe,1960,118576.4063
CHE,pop,1960,5.262624431
CHE,rgdpe,1970,192068.8906
CHE,pop,1970,6.150852
CHE,rgdpe,1980,219923.9688
CHE,pop,1980,6.283832
CHE,rgdpe,1990,283690.5938
CHE,pop,1990,6.652868
CHE,rgdpe,2000,345731.25
CHE,pop,2000,7.143761
CHE,rgdpe,2010,473394.2188
CHE,pop,2010,7.808675
CHE,rgdpe,2019,617216.1875
CHE,pop,2019,8.591365
CHL,rgdpe,1960,43301.94531
CHL,pop,1960,7.921014853
CHL,rgdpe,1970,74233.86719
CHL,pop,1970,9.783134
CHL,rgdpe,1980,87197.95313
CHL,pop,1980,11.419348
CHL,rgdpe,1990,109063.4844
CHL,pop,1990,13.274623
CHL,rgdpe,2000,182711.2813
CHL,pop,2000,15.342353
CHL,rgdpe,2010,352778.6875
CHL,pop,2010,17.062536
CHL,rgdpe,2019,447178.2188
CHL,pop,2019,18.952038
CHN,rgdpe,1960,653797.1875
CHN,pop,1960,656.3693517
CHN,rgdpe,1970,1075987.75
CHN,pop,1970,827.601394
CHN,rgdpe,1980,1680579.5
CHN,pop,1980,1000.089235
CHN,rgdpe,1990,2916101.25
CHN,pop,1990,1176.883674
CHN,rgdpe,2000,5514324
CHN,pop,2000,1290.550765
CHN,rgdpe,2010,13861126
CHN,pop,2010,1368.810615
CHN,rgdpe,2019,20056858
CHN,pop,2019,1433.783686
CIV,rgdpe,1960,6641.708496
CIV,pop,1960,3.270358206
CIV,rgdpe,1970,15499.00684
CIV,pop,1970,5.102064
CIV,rgdpe,1980,21593.54297
CIV,pop,1980,8.03365
CIV,rgdpe,1990,30259.99805
CIV,pop,1990,11.924877
CIV,rgdpe,2000,39960.66016
CIV,pop,2000,16.454668
CIV,rgdpe,2010,59523.98438
CIV,pop,2010,20.53295
CIV,rgdpe,2019,131381.7813
CIV,pop,2019,25.716544
CMR,rgdpe,1960,8495.817383
CMR,pop,1960,5.436186988
CMR,rgdpe,1970,11288.8916
CMR,pop,1970,6.519762
CMR,rgdpe,1980,21413.28906
CMR,pop,1980,8.621406
CMR,rgdpe,1990,30731.51563
CMR,pop,1990,11.780088
CMR,rgdpe,2000,42376.53906
CMR,pop,2000,15.513945
CMR,rgdpe,2010,59041.27344
CMR,pop,2010,20.341241
CMR,rgdpe,2019,92646.71094
CMR,pop,2019,25.87638
COD,rgdpe,1960,42631.89063
COD,pop,1960,15.26071507
COD,rgdpe,1970,58999.02344
COD,pop,1970,20.011036
COD,rgdpe,1980,58496.72656
COD,pop,1980,26.358908
COD,rgdpe,1990,52295.03125
COD,pop,1990,34.612023
COD,rgdpe,2000,26067.96875
COD,pop,2000,47.105826
COD,rgdpe,2010,46463.82031
COD,pop,2010,64.563854
COD,rgdpe,2019,89078.09375
COD,pop,2019,86.790567
COG,rgdpe,1960,1106.808838
COG,pop,1960,1.045122834
COG,rgdpe,1970,2001.099243
COG,pop,1970,1.326885
COG,rgdpe,1980,4205.19043
COG,pop,1980,1.777934
COG,rgdpe,1990,5859.989746
COG,pop,1990,2.356737
COG,rgdpe,2000,8265.037109
COG,pop,2000,3.127411
COG,rgdpe,2010,21551.61523
COG,pop,2010,4.273731
COG,rgdpe,2019,24147.4707
COG,pop,2019,5.380508
COL,rgdpe,1960,60172.27344
COL,pop,1960,15.99025078
COL,rgdpe,1970,101758.1406
COL,pop,1970,21.480065
COL,rgdpe,1980,206944.2188
COL,pop,1980,26.900506
COL,rgdpe,1990,251142.3438
COL,pop,1990,33.102575
COL,rgdpe,2000,306335.8438
COL,pop,2000,39.629968
COL,rgdpe,2010,524851.6875
COL,pop,2010,45.2227
COL,rgdpe,2019,695621
COL,pop,2019,50.339443
COM,rgdpe,1960,316.375061
COM,pop,1960,0.178100702
COM,rgdpe,1970,656.5505981
COM,pop,1970,0.230054
COM,rgdpe,1980,1046.620728
COM,pop,1980,0.307829
COM,rgdpe,1990,1545.841187
COM,pop,1990,0.411594
COM,rgdpe,2000,1535.47583
COM,pop,2000,0.542357
COM,rgdpe,2010,1705.092041
COM,pop,2010,0.689692
COM,rgdpe,2019,2659.659668
COM,pop,2019,0.850886
CPV,rgdpe,1960,217.6846924
CPV,pop,1960,0.196592369
CPV,rgdpe,1970,411.612793
CPV,pop,1970,0.268627
CPV,rgdpe,1980,447.4958191
CPV,pop,1980,0.283847
CPV,rgdpe,1990,752.5081177
CPV,pop,1990,0.33795
CPV,rgdpe,2000,1587.369263
CPV,pop,2000,0.428188
CPV,rgdpe,2010,3139.087891
CPV,pop,2010,0.492654
CPV,rgdpe,2019,3953.20752
CPV,pop,2019,0.549935
CRI,rgdpe,1960,6799.78125
CRI,pop,1960,1.328468883
CRI,rgdpe,1970,11942.98633
CRI,pop,1970,1.847394
CRI,rgdpe,1980,20116.62891
CRI,pop,1980,2.389977
CRI,rgdpe,1990,24932.36914
CRI,pop,1990,3.119433
CRI,rgdpe,2000,41792.96484
CRI,pop,2000,3.962372
CRI,rgdpe,2010,64771.82422
CRI,pop,2010,4.577378
CRI,rgdpe,2019,97151.05469
CRI,pop,2019,5.047561
CUW,rgdpe,2010,4159.329102
CUW,pop,2010,0.149192
CUW,rgdpe,2019,3706.767822
CUW,pop,2019,0.163424
CYM,rgdpe,1970,317.4029846
CYM,pop,1970,0.009144
CYM,rgdpe,1980,784.5512695
CYM,pop,1980,0.016212
CYM,rgdpe,1990,1971.261353
CYM,pop,1990,0.025312
CYM,rgdpe,2000,3568.702881
CYM,pop,2000,0.042303
CYM,rgdpe,2010,3888.335938
CYM,pop,2010,0.056672
CYM,rgdpe,2019,4560.362793
CYM,pop,2019,0.064948
CYP,rgdpe,1960,2290.439697
CYP,pop,1960,0.572084479
CYP,rgdpe,1970,4764.698242
CYP,pop,1970,0.613618
CYP,rgdpe,1980,6755.622559
CYP,pop,1980,0.5086
CYP,rgdpe,1990,12912.96289
CYP,pop,1990,0.5794
CYP,rgdpe,2000,19744.46094
CYP,pop,2000,0.6936
CYP,rgdpe,2010,31170.12305
CYP,pop,2010,0.829446
CYP,rgdpe,2019,33667.37891
CYP,pop,2019,0.868495
CZE,rgdpe,1990,251778.5156
CZE,pop,1990,10.340875
CZE,rgdpe,2000,228781.7813
CZE,pop,2000,10.289373
CZE,rgdpe,2010,330190.1875
CZE,pop,2010,10.536518
CZE,rgdpe,2019,435327.75
CZE,pop,2019,10.689209
DEU,rgdpe,1960,815061.0625
DEU,pop,1960,73.19634515
DEU,rgdpe,1970,1271577.75
DEU,pop,1970,78.578385
DEU,rgdpe,1980,1736207.5
DEU,pop,1980,78.2831
DEU,rgdpe,1990,2204374.25
DEU,pop,1990,79.053984
DEU,rgdpe,2000,3030096
DEU,pop,2000,81.400882
DEU,rgdpe,2010,3531649.25
DEU,pop,2010,80.827002
DEU,rgdpe,2019,4308663.5
DEU,pop,2019,83.517045
DJI,rgdpe,1970,1181.031494
DJI,pop,1970,0.159659
DJI,rgdpe,1980,1397.903442
DJI,pop,1980,0.35896
DJI,rgdpe,1990,1402.483032
DJI,pop,1990,0.590398
DJI,rgdpe,2000,1788.957031
DJI,pop,2000,0.717584
DJI,rgdpe,2010,2344.955566
DJI,pop,2010,0.840198
DJI,rgdpe,2019,6935.125977
DJI,pop,2019,0.97356
DMA,rgdpe,1970,266.8939514
DMA,pop,1970,0.071073
DMA,rgdpe,1980,358.2904663
DMA,pop,1980,0.075314
DMA,rgdpe,1990,575.2615967
DMA,pop,1990,0.070419
DMA,rgdpe,2000,617.6069946
DMA,pop,2000,0.06965
DMA,rgdpe,2010,761.086731
DMA,pop,2010,0.070878
DMA,rgdpe,2019,839.9813232
DMA,pop,2019,0.071808
DNK,rgdpe,1960,63417.57422
DNK,pop,1960,4.583308411
DNK,rgdpe,1970,104707.875
DNK,pop,1970,4.931241
DNK,rgdpe,1980,128315.7344
DNK,pop,1980,5.123945
DNK,rgdpe,1990,143998.8438
DNK,pop,1990,5.141115
DNK,rgdpe,2000,203064.2344
DNK,pop,2000,5.341194
DNK,rgdpe,2010,260895.0938
DNK,pop,2010,5.554844
DNK,rgdpe,2019,322604
DNK,pop,2019,5.771876
DOM,rgdpe,1960,8471.453125
DOM,pop,1960,3.287722677
DOM,rgdpe,1970,14660.63379
DOM,pop,1970,4.49972
DOM,rgdpe,1980,28607.11914
DOM,pop,1980,5.803927
DOM,rgdpe,1990,35342.62891
DOM,pop,1990,7.133494
DOM,rgdpe,2000,72118.98438
DOM,pop,2000,8.471321
DOM,rgdpe,2010,120946.6719
DOM,pop,2010,9.695121
DOM,rgdpe,2019,190801.6094
DOM,pop,2019,10.738958
DZA,rgdpe,1960,67223.83594
DZA,pop,1960,11.32676745
DZA,rgdpe,1970,89408.42188
DZA,pop,1970,14.464985
DZA,rgdpe,1980,242799.5313
DZA,pop,1980,19.221665
DZA,rgdpe,1990,243776.5156
DZA,pop,1990,25.758869
DZA,rgdpe,2000,340374.7188
DZA,pop,2000,31.042235
DZA,rgdpe,2010,515510.2188
DZA,pop,2010,35.977455
DZA,rgdpe,2019,488849.9375
DZA,pop,2019,43.053054
ECU,rgdpe,1960,19233.29883
ECU,pop,1960,4.512710315
ECU,rgdpe,1970,30701.87695
ECU,pop,1970,6.069376
ECU,rgdpe,1980,62852.26172
ECU,pop,1980,7.989186
ECU,rgdpe,1990,63798.62891
ECU,pop,1990,10.230934
ECU,rgdpe,2000,71055.02344
ECU,pop,2000,12.681123
ECU,rgdpe,2010,142233.5313
ECU,pop,2010,15.011117
ECU,rgdpe,2019,195253.75
ECU,pop,2019,17.373662
EGY,rgdpe,1960,20488.00391
EGY,pop,1960,27.59811676
EGY,rgdpe,1970,41298.45703
EGY,pop,1970,34.51385
EGY,rgdpe,1980,60804
EGY,pop,1980,43.309063
EGY,rgdpe,1990,125615.4453
EGY,pop,1990,56.134475
EGY,rgdpe,2000,356739.9688
EGY,pop,2000,68.831561
EGY,rgdpe,2010,798978.125
EGY,pop,2010,82.761235
EGY,rgdpe,2019,1101960.875
EGY,pop,2019,100.388073
ESP,rgdpe,1960,191589.5781
ESP,pop,1960,30.64776237
ESP,rgdpe,1970,400270.5625
ESP,pop,1970,33.883749
ESP,rgdpe,1980,602491.1875
ESP,pop,1980,37.698196
ESP,rgdpe,1990,743066
ESP,pop,1990,39.202525
ESP,rgdpe,2000,1169053.25
ESP,pop,2000,40.824754
ESP,rgdpe,2010,1660500.625
ESP,pop,2010,46.931015
ESP,rgdpe,2019,1932610.75
ESP,pop,2019,46.736776
EST,rgdpe,1990,17757.0625
EST,pop,1990,1.565246
EST,rgdpe,2000,18229.95703
EST,pop,2000,1.399112
EST,rgdpe,2010,33054.47656
EST,pop,2010,1.332101
EST,rgdpe,2019,49202.89063
EST,pop,2019,1.325648
ETH,rgdpe,1960,12043.13574
ETH,pop,1960,23.30470162
ETH,rgdpe,1970,17809.96875
ETH,pop,1970,28.415077
ETH,rgdpe,1980,24431.36719
ETH,pop,1980,35.141712
ETH,rgdpe,1990,37358.69531
ETH,pop,1990,47.887865
ETH,rgdpe,2000,36725.35938
ETH,pop,2000,66.224804
ETH,rgdpe,2010,88595.6875
ETH,pop,2010,87.639964
ETH,rgdpe,2019,286064.75
ETH,pop,2019,112.07873
FIN,rgdpe,1960,44333.85156
FIN,pop,1960,4.435426298
FIN,rgdpe,1970,74976.59375
FIN,pop,1970,4.612366
FIN,rgdpe,1980,101756.1016
FIN,pop,1980,4.788243
FIN,rgdpe,1990,136178.1094
FIN,pop,1990,4.996222
FIN,rgdpe,2000,186033.2969
FIN,pop,2000,5.187954
FIN,rgdpe,2010,234644.2656
FIN,pop,2010,5.365782
FIN,rgdpe,2019,260989.3906
FIN,pop,2019,5.532156
FJI,rgdpe,1960,1147.575684
FJI,pop,1960,0.393017303
FJI,rgdpe,1970,1906.361694
FJI,pop,1970,0.520562
FJI,rgdpe,1980,3738.470947
FJI,pop,1980,0.635307
FJI,rgdpe,1990,4506.609863
FJI,pop,1990,0.728573
FJI,rgdpe,2000,5110.288574
FJI,pop,2000,0.811006
FJI,rgdpe,2010,6952.564941
FJI,pop,2010,0.859818
FJI,rgdpe,2019,12235.07422
FJI,pop,2019,0.889953
FRA,rgdpe,1960,527993.9375
FRA,pop,1960,46.61930245
FRA,rgdpe,1970,922963.8125
FRA,pop,1970,51.957738
FRA,rgdpe,1980,1376238.625
FRA,pop,1980,55.161527
FRA,rgdpe,1990,1581378.375
FRA,pop,1990,58.235697
FRA,rgdpe,2000,2135417.25
FRA,pop,2000,60.874357
FRA,rgdpe,2010,2613714.25
FRA,pop,2010,64.952503
FRA,rgdpe,2019,3018638.5
FRA,pop,2019,67.351247
GAB,rgdpe,1960,1490.965942
GAB,pop,1960,0.510778339
GAB,rgdpe,1970,3539.060303
GAB,pop,1970,0.589314
GAB,rgdpe,1980,10133.26953
GAB,pop,1980,0.726328
GAB,rgdpe,1990,9088.370117
GAB,pop,1990,0.949488
GAB,rgdpe,2000,13194.67969
GAB,pop,2000,1.22836
GAB,rgdpe,2010,24002.44531
GAB,pop,2010,1.62414
GAB,rgdpe,2019,33363.59766
GAB,pop,2019,2.172579
GBR,rgdpe,1960,672817.9375
GBR,pop,1960,52.31688549
GBR,rgdpe,1970,905935.375
GBR,pop,1970,55.573453
GBR,rgdpe,1980,1201675.125
GBR,pop,1980,56.209171
GBR,rgdpe,1990,1439636.25
GBR,pop,1990,57.134391
GBR,rgdpe,2000,2101090
GBR,pop,2000,58.923309
GBR,rgdpe,2010,2546650.5
GBR,pop,2010,63.459808
GBR,rgdpe,2019,3118860.25
GBR,pop,2019,67.530172
GEO,rgdpe,1990,64977.89453
GEO,pop,1990,5.410399
GEO,rgdpe,2000,15579.99121
GEO,pop,2000,4.362187
GEO,rgdpe,2010,32879.27734
GEO,pop,2010,4.099099
GEO,rgdpe,2019,59378.48047
GEO,pop,2019,3.996765
GHA,rgdpe,1960,30492.67383
GHA,pop,1960,6.915965969
GHA,rgdpe,1970,39342.66016
GHA,pop,1970,8.735495
GHA,rgdpe,1980,38946.48438
GHA,pop,1980,11.056116
GHA,rgdpe,1990,43327.4375
GHA,pop,1990,14.773277
GHA,rgdpe,2000,62272.60547
GHA,pop,2000,19.278856
GHA,rgdpe,2010,105865.9609
GHA,pop,2010,24.779619
GHA,rgdpe,2019,168736.0156
GHA,pop,2019,30.417856
GIN,rgdpe,1960,10932.20898
GIN,pop,1960,3.450718414
GIN,rgdpe,1970,11724.28516
GIN,pop,1970,4.154605
GIN,rgdpe,1980,16006.54883
GIN,pop,1980,4.871435
GIN,rgdpe,1990,20215.92773
GIN,pop,1990,6.352283
GIN,rgdpe,2000,21613.30273
GIN,pop,2000,8.24073
GIN,rgdpe,2010,19251.89063
GIN,pop,2010,10.192176
GIN,rgdpe,2019,29381.13086
GIN,pop,2019,12.771246
GMB,rgdpe,1960,954.6820068
GMB,pop,1960,0.337303416
GMB,rgdpe,1970,1427.410645
GMB,pop,1970,0.46441
GMB,rgdpe,1980,1798.516968
GMB,pop,1980,0.637246
GMB,rgdpe,1990,2722.9729
GMB,pop,1990,0.955593
GMB,rgdpe,2000,3720.612061
GMB,pop,2000,1.317703
GMB,rgdpe,2010,4961.330078
GMB,pop,2010,1.793196
GMB,rgdpe,2019,5115.242676
GMB,pop,2019,2.347706
GNB,rgdpe,1960,701.5158081
GNB,pop,1960,0.701143845
GNB,rgdpe,1970,1083.267212
GNB,pop,1970,0.704939
GNB,rgdpe,1980,1312.087402
GNB,pop,1980,0.781677
GNB,rgdpe,1990,1557.112183
GNB,pop,1990,0.975261
GNB,rgdpe,2000,2078.907471
GNB,pop,2000,1.201301
GNB,rgdpe,2010,2138.81958
GNB,pop,2010,1.522599
GNB,rgdpe,2019,3262.810791
GNB,pop,2019,1.920922
GNQ,rgdpe,1960,371.7810059
GNQ,pop,1960,0.274118274
GNQ,rgdpe,1970,520.3181763
GNQ,pop,1970,0.303982
GNQ,rgdpe,1980,498.4045105
GNQ,pop,1980,0.249929
GNQ,rgdpe,1990,882.487793
GNQ,pop,1990,0.419188
GNQ,rgdpe,2000,6651.82666
GNQ,pop,2000,0.606181
GNQ,rgdpe,2010,27022.58008
GNQ,pop,2010,0.943639
GNQ,rgdpe,2019,30101.5332
GNQ,pop,2019,1.355986
GRC,rgdpe,1960,43579.86719
GRC,pop,1960,8.205010659
GRC,rgdpe,1970,97685.53906
GRC,pop,1970,8.663571
GRC,rgdpe,1980,146212.8125
GRC,pop,1980,9.627002
GRC,rgdpe,1990,181316.875
GRC,pop,1990,10.225992
GRC,rgdpe,2000,281156.625
GRC,pop,2000,11.082104
GRC,rgdpe,2010,347685.7188
GRC,pop,2010,10.887637
GRC,rgdpe,2019,302205.375
GRC,pop,2019,10.473455
GRD,rgdpe,1970,178.7982025
GRD,pop,1970,0.094475
GRD,rgdpe,1980,284.6000671
GRD,pop,1980,0.089032
GRD,rgdpe,1990,485.6175537
GRD,pop,1990,0.096331
GRD,rgdpe,2000,822.1656494
GRD,pop,2000,0.102833
GRD,rgdpe,2010,1188.258057
GRD,pop,2010,0.106233
GRD,rgdpe,2019,1803.433472
GRD,pop,2019,0.112003
GTM,rgdpe,1960,10876.60059
GTM,pop,1960,4.378204277
GTM,rgdpe,1970,18101.77734
GTM,pop,1970,5.621792
GTM,rgdpe,1980,29064.13672
GTM,pop,1980,7.283459
GTM,rgdpe,1990,35277.75391
GTM,pop,1990,9.263813
GTM,rgdpe,2000,59594.91016
GTM,pop,2000,11.650743
GTM,rgdpe,2010,98349.35156
GTM,pop,2010,14.630417
GTM,rgdpe,2019,139249.2344
GTM,pop,2019,17.581472
GUY,rgdpe,1970,2519.016846
GUY,pop,1970,0.704934
GUY,rgdpe,1980,3066.956299
GUY,pop,1980,0.780153
GUY,rgdpe,1990,2135.169189
GUY,pop,1990,0.743309
GUY,rgdpe,2000,3501.139404
GUY,pop,2000,0.746715
GUY,rgdpe,2010,7178.980957
GUY,pop,2010,0.749436
GUY,rgdpe,2019,10436.625
GUY,pop,2019,0.782766
HKG,rgdpe,1960,12401.98145
HKG,pop,1960,2.989794282
HKG,rgdpe,1970,32455.01172
HKG,pop,1970,3.848924
HKG,rgdpe,1980,80532.67969
HKG,pop,1980,4.868742
HKG,rgdpe,1990,151065.3125
HKG,pop,1990,5.727938
HKG,rgdpe,2000,256764.9063
HKG,pop,2000,6.606327
HKG,rgdpe,2010,369541.6875
HKG,pop,2010,6.966331
HKG,rgdpe,2019,440613.0938
HKG,pop,2019,7.436154
HND,rgdpe,1960,4271.469727
HND,pop,1960,1.920526005
HND,rgdpe,1970,6629.451172
HND,pop,1970,2.716654
HND,rgdpe,1980,11332.83984
HND,pop,1980,3.678279
HND,rgdpe,1990,15026.66797
HND,pop,1990,4.955303
HND,rgdpe,2000,21561.64453
HND,pop,2000,6.574509
HND,rgdpe,2010,33100.40625
HND,pop,2010,8.31747
HND,rgdpe,2019,51621.15234
HND,pop,2019,9.746117
HRV,rgdpe,1990,64438.08594
HRV,pop,1990,4.776374
HRV,rgdpe,2000,58369.64453
HRV,pop,2000,4.428075
HRV,rgdpe,2010,95732.08594
HRV,pop,2010,4.328165
HRV,rgdpe,2019,113617.3828
HRV,pop,2019,4.130304
HTI,rgdpe,1960,5095.761719
HTI,pop,1960,3.807085802
HTI,rgdpe,1970,5837.832031
HTI,pop,1970,4.67623
HTI,rgdpe,1980,9681.341797
HTI,pop,1980,5.643173
HTI,rgdpe,1990,9458.847656
HTI,pop,1990,7.037917
HTI,rgdpe,2000,16459.25781
HTI,pop,2000,8.463806
HTI,rgdpe,2010,15702.79395
HTI,pop,2010,9.949322
HTI,rgdpe,2019,17246.33398
HTI,pop,2019,11.263077
HUN,rgdpe,1970,62733.97266
HUN,pop,1970,10.366105
HUN,rgdpe,1980,124026.7188
HUN,pop,1980,10.754286
HUN,rgdpe,1990,143517.8594
HUN,pop,1990,10.377137
HUN,rgdpe,2000,169296.2813
HUN,pop,2000,10.220507
HUN,rgdpe,2010,249058.9375
HUN,pop,2010,9.92737
HUN,rgdpe,2019,322113.9688
HUN,pop,2019,9.684679
IDN,rgdpe,1960,96772.73438
IDN,pop,1960,94.47303971
IDN,rgdpe,1970,123425.2031
IDN,pop,1970,115.364743
IDN,rgdpe,1980,359357.25
IDN,pop,1980,148.047741
IDN,rgdpe,1990,629507
IDN,pop,1990,182.151216
IDN,rgdpe,2000,872229.1875
IDN,pop,2000,211.513823
IDN,rgdpe,2010,1977035.375
IDN,pop,2010,241.834215
IDN,rgdpe,2019,3104751.75
IDN,pop,2019,270.625568
IND,rgdpe,1960,512763.3438
IND,pop,1960,446.4394577
IND,rgdpe,1970,793833.9375
IND,pop,1970,555.189792
IND,rgdpe,1980,889489.875
IND,pop,1980,698.952844
IND,rgdpe,1990,1230532.75
IND,pop,1990,873.277798
IND,rgdpe,2000,2232218
IND,pop,2000,1056.575549
IND,rgdpe,2010,5399084
IND,pop,2010,1234.28117
IND,rgdpe,2019,8946950
IND,pop,2019,1366.417754
IRL,rgdpe,1960,19726.4668
IRL,pop,1960,2.791989585
IRL,rgdpe,1970,29829.32227
IRL,pop,1970,2.908421
IRL,rgdpe,1980,48693.35156
IRL,pop,1980,3.384756
IRL,rgdpe,1990,68910.15625
IRL,pop,1990,3.510885
IRL,rgdpe,2000,150191.875
IRL,pop,2000,3.783103
IRL,rgdpe,2010,216926.6875
IRL,pop,2010,4.554321
IRL,rgdpe,2019,499822.0938
IRL,pop,2019,4.882495
IRN,rgdpe,1960,59818.53906
IRN,pop,1960,21.29344979
IRN,rgdpe,1970,116457.0625
IRN,pop,1970,28.513866
IRN,rgdpe,1980,162242.2188
IRN,pop,1980,38.650246
IRN,rgdpe,1990,187174.9531
IRN,pop,1990,56.366217
IRN,rgdpe,2000,548716.1875
IRN,pop,2000,65.623405
IRN,rgdpe,2010,1415397.125
IRN,pop,2010,73.762519
IRN,rgdpe,2019,1082813.375
IRN,pop,2019,82.913906
IRQ,rgdpe,1970,50400.42188
IRQ,pop,1970,9.917983
IRQ,rgdpe,1980,146651.1719
IRQ,pop,1980,13.653354
IRQ,rgdpe,1990,128504.9219
IRQ,pop,1990,17.419113
IRQ,rgdpe,2000,181068.375
IRQ,pop,2000,23.497585
IRQ,rgdpe,2010,384927.375
IRQ,pop,2010,29.741976
IRQ,rgdpe,2019,451402.8125
IRQ,pop,2019,39.309783
ISL,rgdpe,1960,2112.18042
ISL,pop,1960,0.176137439
ISL,rgdpe,1970,3646.866455
ISL,pop,1970,0.204426
ISL,rgdpe,1980,6823.806641
ISL,pop,1980,0.228262
ISL,rgdpe,1990,8509.251953
ISL,pop,1990,0.255043
ISL,rgdpe,2000,11652.21777
ISL,pop,2000,0.280435
ISL,rgdpe,2010,13836.25684
ISL,pop,2010,0.320328
ISL,rgdpe,2019,19884.19727
ISL,pop,2019,0.339031
ISR,rgdpe,1960,19779.08594
ISR,pop,1960,2.075345713
ISR,rgdpe,1970,42026
ISR,pop,1970,2.813749
ISR,rgdpe,1980,66005.92188
ISR,pop,1980,3.700919
ISR,rgdpe,1990,104465.8125
ISR,pop,1990,4.448353
ISR,rgdpe,2000,217741.9219
ISR,pop,2000,5.94595
ISR,rgdpe,2010,249378.5469
ISR,pop,2010,7.346446
ISR,rgdpe,2019,363976.0938
ISR,pop,2019,8.519377
ITA,rgdpe,1960,391324.6875
ITA,pop,1960,50.06464543
ITA,rgdpe,1970,735675.0625
ITA,pop,1970,53.518969
ITA,rgdpe,1980,1234947
ITA,pop,1980,56.349349
ITA,rgdpe,1990,1560867.375
ITA,pop,1990,57.048236
ITA,rgdpe,2000,2081366.75
ITA,pop,2000,56.692178
ITA,rgdpe,2010,2336097.75
ITA,pop,2010,59.325229
ITA,rgdpe,2019,2508439
ITA,pop,2019,60.550075
JAM,rgdpe,1960,8761.588867
JAM,pop,1960,1.574577136
JAM,rgdpe,1970,13283.27148
JAM,pop,1970,1.875642
JAM,rgdpe,1980,10380.43359
JAM,pop,1980,2.162846
JAM,rgdpe,1990,12548.78516
JAM,pop,1990,2.419906
JAM,rgdpe,2000,16301.7627
JAM,pop,2000,2.654701
JAM,rgdpe,2010,21835.8125
JAM,pop,2010,2.81046
JAM,rgdpe,2019,26373.88281
JAM,pop,2019,2.948279
JOR,rgdpe,1960,2769.180664
JOR,pop,1960,0.971795191
JOR,rgdpe,1970,5039.358887
JOR,pop,1970,1.721323
JOR,rgdpe,1980,10319.55957
JOR,pop,1980,2.377995
JOR,rgdpe,1990,12097.38867
JOR,pop,1990,3.56589
JOR,rgdpe,2000,20274.78125
JOR,pop,2000,5.122493
JOR,rgdpe,2010,70298.3125
JOR,pop,2010,7.261539
JOR,rgdpe,2019,102977.1953
JOR,pop,2019,10.101694
JPN,rgdpe,1960,550733.125
JPN,pop,1960,94.61850335
JPN,rgdpe,1970,1472470.625
JPN,pop,1970,104.929251
JPN,rgdpe,1980,2474065
JPN,pop,1980,117.81694
JPN,rgdpe,1990,3552290.75
JPN,pop,1990,124.50524
JPN,rgdpe,2000,4696244
JPN,pop,2000,127.524174
JPN,rgdpe,2010,4967960
JPN,pop,2010,128.542353
JPN,rgdpe,2019,5027866.5
JPN,pop,2019,126.860301
KAZ,rgdpe,1990,198404.1406
KAZ,pop,1990,16.383887
KAZ,rgdpe,2000,101379.8828
KAZ,pop,2000,14.922719
KAZ,rgdpe,2010,326533.6563
KAZ,pop,2010,16.252279
KAZ,rgdpe,2019,533421.125
KAZ,pop,2019,18.551427
KEN,rgdpe,1960,15368.33496
KEN,pop,1960,8.19614338
KEN,rgdpe,1970,22249.58398
KEN,pop,1970,11.301394
KEN,rgdpe,1980,36197.69531
KEN,pop,1980,16.417197
KEN,rgdpe,1990,52275.82813
KEN,pop,1990,23.724579
KEN,rgdpe,2000,65749.01563
KEN,pop,2000,31.964557
KEN,rgdpe,2010,103731.2188
KEN,pop,2010,42.030676
KEN,rgdpe,2019,217540.9531
KEN,pop,2019,52.573973
KGZ,rgdpe,1990,36005.89844
KGZ,pop,1990,4.372885
KGZ,rgdpe,2000,10941.25879
KGZ,pop,2000,4.920712
KGZ,rgdpe,2010,16587.12305
KGZ,pop,2010,5.422293
KGZ,rgdpe,2019,32170.68164
KGZ,pop,2019,6.41585
KHM,rgdpe,1970,12450.30176
KHM,pop,1970,6.996576
KHM,rgdpe,1980,5955.293457
KHM,pop,1980,6.693764
KHM,rgdpe,1990,10327.92188
KHM,pop,1990,8.975597
KHM,rgdpe,2000,17189.0332
KHM,pop,2000,12.155239
KHM,rgdpe,2010,36866.86328
KHM,pop,2010,14.312212
KHM,rgdpe,2019,69460.27344
KHM,pop,2019,16.486542
KNA,rgdpe,1970,142.115387
KNA,pop,1970,0.044883
KNA,rgdpe,1980,290.1729736
KNA,pop,1980,0.043205
KNA,rgdpe,1990,437.1575317
KNA,pop,1990,0.040259
KNA,rgdpe,2000,707.8192749
KNA,pop,2000,0.044074
KNA,rgdpe,2010,1116.111572
KNA,pop,2010,0.049016
KNA,rgdpe,2019,1457.079834
KNA,pop,2019,0.052823
KOR,rgdpe,1960,30312.23633
KOR,pop,1960,24.74930137
KOR,rgdpe,1970,69873.51563
KOR,pop,1970,32.195681
KOR,rgdpe,1980,193919.625
KOR,pop,1980,38.045607
KOR,rgdpe,1990,565131.625
KOR,pop,1990,42.918419
KOR,rgdpe,2000,1150253.25
KOR,pop,2000,47.379241
KOR,rgdpe,2010,1756234.25
KOR,pop,2010,49.545636
KOR,rgdpe,2019,2090848.25
KOR,pop,2019,51.225308
KWT,rgdpe,1970,25963.93164
KWT,pop,1970,0.74445
KWT,rgdpe,1980,97514.0625
KWT,pop,1980,1.368677
KWT,rgdpe,1990,45857.34375
KWT,pop,1990,2.095344
KWT,rgdpe,2000,82190.125
KWT,pop,2000,2.045123
KWT,rgdpe,2010,212985.0781
KWT,pop,2010,2.991884
KWT,rgdpe,2019,235328.9063
KWT,pop,2019,4.207083
LAO,rgdpe,1970,1959.36084
LAO,pop,1970,2.688428
LAO,rgdpe,1980,2803.995361
LAO,pop,1980,3.258144
LAO,rgdpe,1990,5386.828125
LAO,pop,1990,4.258472
LAO,rgdpe,2000,9498.259766
LAO,pop,2000,5.3237
LAO,rgdpe,2010,25383.67773
LAO,pop,2010,6.249165
LAO,rgdpe,2019,52758.46484
LAO,pop,2019,7.169455
LBN,rgdpe,1970,14920.82422
LBN,pop,1970,2.297434
LBN,rgdpe,1980,12666.15723
LBN,pop,1980,2.588929
LBN,rgdpe,1990,11399.9873
LBN,pop,1990,2.803044
LBN,rgdpe,2000,25615.20508
LBN,pop,2000,3.842778
LBN,rgdpe,2010,80917.375
LBN,pop,2010,4.953061
LBN,rgdpe,2019,100245.5703
LBN,pop,2019,6.855713
LBR,rgdpe,1970,3908.310059
LBR,pop,1970,1.40073
LBR,rgdpe,1980,4409.583496
LBR,pop,1980,1.853001
LBR,rgdpe,1990,1945.586426
LBR,pop,1990,2.075912
LBR,rgdpe,2000,2721.081787
LBR,pop,2000,2.848456
LBR,rgdpe,2010,3007.45874
LBR,pop,2010,3.891356
LBR,rgdpe,2019,6061.708008
LBR,pop,2019,4.937374
LCA,rgdpe,1970,390.1228943
LCA,pop,1970,0.104015
LCA,rgdpe,1980,771.9418945
LCA,pop,1980,0.117822
LCA,rgdpe,1990,1281.18689
LCA,pop,1990,0.13802
LCA,rgdpe,2000,1534.567139
LCA,pop,2000,0.156729
LCA,rgdpe,2010,2257.518799
LCA,pop,2010,0.174085
LCA,rgdpe,2019,2766.519043
LCA,pop,2019,0.18279
LKA,rgdpe,1960,29706.83594
LKA,pop,1960,9.809017862
LKA,rgdpe,1970,40917.38672
LKA,pop,1970,12.48574
LKA,rgdpe,1980,33300.30859
LKA,pop,1980,15.035834
LKA,rgdpe,1990,55256.36719
LKA,pop,1990,17.325773
LKA,rgdpe,2000,90441.21875
LKA,pop,2000,18.777601
LKA,rgdpe,2010,181280.125
LKA,pop,2010,20.261737
LKA,rgdpe,2019,271103.5938
LKA,pop,2019,21.323733
LSO,rgdpe,1960,723.0742188
LSO,pop,1960,0.827809606
LSO,rgdpe,1970,1191.934082
LSO,pop,1970,1.028926
LSO,rgdpe,1980,1860.770752
LSO,pop,1980,1.340255
LSO,rgdpe,1990,2368.909668
LSO,pop,1990,1.703747
LSO,rgdpe,2000,3646.310059
LSO,pop,2000,2.032804
LSO,rgdpe,2010,4918.770996
LSO,pop,2010,1.995581
LSO,rgdpe,2019,5520.53125
LSO,pop,2019,2.125268
LTU,rgdpe,1990,53616.41406
LTU,pop,1990,3.696035
LTU,rgdpe,2000,42341.03516
LTU,pop,2000,3.501839
LTU,rgdpe,2010,70415.39844
LTU,pop,2010,3.123816
LTU,rgdpe,2019,103471.3359
LTU,pop,2019,2.759627
LUX,rgdpe,1960,6533.652832
LUX,pop,1960,0.314426273
LUX,rgdpe,1970,9411.442383
LUX,pop,1970,0.339668
LUX,rgdpe,1980,12092.01953
LUX,pop,1980,0.364038
LUX,rgdpe,1990,17540.80859
LUX,pop,1990,0.381791
LUX,rgdpe,2000,32183.79297
LUX,pop,2000,0.436103
LUX,rgdpe,2010,47451.63281
LUX,pop,2010,0.507889
LUX,rgdpe,2019,69540.71875
LUX,pop,2019,0.615729
LVA,rgdpe,1990,44950.01172
LVA,pop,1990,2.664439
LVA,rgdpe,2000,26469.18555
LVA,pop,2000,2.384164
LVA,rgdpe,2010,41971.08594
LVA,pop,2010,2.118861
LVA,rgdpe,2019,59908.3125
LVA,pop,2019,1.906743
MAC,rgdpe,1970,1762.646484
MAC,pop,1970,0.246194
MAC,rgdpe,1980,3780.402588
MAC,pop,1980,0.238071
MAC,rgdpe,1990,9127.772461
MAC,pop,1990,0.343808
MAC,rgdpe,2000,13199.30469
MAC,pop,2000,0.427782
MAC,rgdpe,2010,50980.02734
MAC,pop,2010,0.538219
MAC,rgdpe,2019,67461.19531
MAC,pop,2019,0.640445
MAR,rgdpe,1960,18757.46289
MAR,pop,1960,12.49797509
MAR,rgdpe,1970,36613.9375
MAR,pop,1970,16.004731
MAR,rgdpe,1980,57962.1875
MAR,pop,1980,19.990012
MAR,rgdpe,1990,107730.5391
MAR,pop,1990,24.807462
MAR,rgdpe,2000,137326.5313
MAR,pop,2000,28.793679
MAR,rgdpe,2010,211201.25
MAR,pop,2010,32.343389
MAR,rgdpe,2019,281730.2813
MAR,pop,2019,36.471769
MDA,rgdpe,1990,28885.82422
MDA,pop,1990,4.365564
MDA,rgdpe,2000,9804.860352
MDA,pop,2000,4.202658
MDA,rgdpe,2010,18924.52148
MDA,pop,2010,4.086081
MDA,rgdpe,2019,35112.90625
MDA,pop,2019,4.043263
MDG,rgdpe,1960,8829.109375
MDG,pop,1960,5.328312919
MDG,rgdpe,1970,12888.41504
MDG,pop,1970,6.576305
MDG,rgdpe,1980,13091.11719
MDG,pop,1980,8.716553
MDG,rgdpe,1990,15815.63477
MDG,pop,1990,11.598633
MDG,rgdpe,2000,19891.47266
MDG,pop,2000,15.766806
MDG,rgdpe,2010,32598.82422
MDG,pop,2010,21.15164
MDG,rgdpe,2019,40383.02344
MDG,pop,2019,26.969307
MDV,rgdpe,1970,196.7098999
MDV,pop,1970,0.115691
MDV,rgdpe,1980,447.9853821
MDV,pop,1980,0.158272
MDV,rgdpe,1990,1121.684082
MDV,pop,1990,0.223158
MDV,rgdpe,2000,2337.265381
MDV,pop,2000,0.279398
MDV,rgdpe,2010,4962.441406
MDV,pop,2010,0.365734
MDV,rgdpe,2019,10161.08594
MDV,pop,2019,0.530953
MEX,rgdpe,1960,243626.5625
MEX,pop,1960,37.64166529
MEX,rgdpe,1970,458538.4688
MEX,pop,1970,51.493565
MEX,rgdpe,1980,944717.9375
MEX,pop,1980,67.761372
MEX,rgdpe,1990,1014926.188
MEX,pop,1990,83.943132
MEX,rgdpe,2000,1471050.125
MEX,pop,2000,98.899845
MEX,rgdpe,2010,1920153.25
MEX,pop,2010,114.092963
MEX,rgdpe,2019,2463229.25
MEX,pop,2019,127.575529
MKD,rgdpe,1990,12409.08691
MKD,pop,1990,1.996228
MKD,rgdpe,2000,15389.58594
MKD,pop,2000,2.034819
MKD,rgdpe,2010,25225.32422
MKD,pop,2010,2.070741
MKD,rgdpe,2019,33641.72656
MKD,pop,2019,2.083459
MLI,rgdpe,1960,3121.203613
MLI,pop,1960,4.821328264
MLI,rgdpe,1970,3888.04541
MLI,pop,1970,5.949045
MLI,rgdpe,1980,4750.255859
MLI,pop,1980,7.090126
MLI,rgdpe,1990,6139.581055
MLI,pop,1990,8.449913
MLI,rgdpe,2000,14442.66895
MLI,pop,2000,10.946445
MLI,rgdpe,2010,27863.06445
MLI,pop,2010,15.049353
MLI,rgdpe,2019,47401.60547
MLI,pop,2019,19.658031
MLT,rgdpe,1960,761.605957
MLT,pop,1960,0.330066139
MLT,rgdpe,1970,1257.645874
MLT,pop,1970,0.320545
MLT,rgdpe,1980,3527.781494
MLT,pop,1980,0.331497
MLT,rgdpe,1990,5353.933594
MLT,pop,1990,0.362015
MLT,rgdpe,2000,9705.713867
MLT,pop,2000,0.393645
MLT,rgdpe,2010,12921.21191
MLT,pop,2010,0.414253
MLT,rgdpe,2019,22349.5918
MLT,pop,2019,0.440372
MMR,rgdpe,1970,19157.12891
MMR,pop,1970,27.269069
MMR,rgdpe,1980,28544.23828
MMR,pop,1980,34.224313
MMR,rgdpe,1990,30949.34766
MMR,pop,1990,41.335199
MMR,rgdpe,2000,50997.83203
MMR,pop,2000,46.719701
MMR,rgdpe,2010,187159.9063
MMR,pop,2010,50.600818
MMR,rgdpe,2019,260463.5313
MMR,pop,2019,54.04542
MNE,rgdpe,1990,6700.646973
MNE,pop,1990,0.615002
MNE,rgdpe,2000,4849.416016
MNE,pop,2000,0.613559
MNE,rgdpe,2010,9343.958984
MNE,pop,2010,0.624275
MNE,rgdpe,2019,12905.89844
MNE,pop,2019,0.627987
MNG,rgdpe,1970,1745.085205
MNG,pop,1970,1.278825
MNG,rgdpe,1980,3255.958008
MNG,pop,1980,1.689622
MNG,rgdpe,1990,8198.825195
MNG,pop,1990,2.184145
MNG,rgdpe,2000,7170.057617
MNG,pop,2000,2.397418
MNG,rgdpe,2010,21954.68359
MNG,pop,2010,2.719896
MNG,rgdpe,2019,41385.04297
MNG,pop,2019,3.225167
MOZ,rgdpe,1960,4548.310059
MOZ,pop,1960,7.246053369
MOZ,rgdpe,1970,6985.280273
MOZ,pop,1970,9.022741
MOZ,rgdpe,1980,9966.191406
MOZ,pop,1980,11.630194
MOZ,rgdpe,1990,8399.894531
MOZ,pop,1990,12.987292
MOZ,rgdpe,2000,13995.97852
MOZ,pop,2000,17.711927
MOZ,rgdpe,2010,26384.67969
MOZ,pop,2010,23.531574
MOZ,rgdpe,2019,35523.82422
MOZ,pop,2019,30.366036
MRT,rgdpe,1960,1966.880859
MRT,pop,1960,0.993768056
MRT,rgdpe,1970,4682.348633
MRT,pop,1970,1.14678
MRT,rgdpe,1980,6022.779785
MRT,pop,1980,1.54064
MRT,rgdpe,1990,6548.714355
MRT,pop,1990,2.034346
MRT,rgdpe,2000,8443.234375
MRT,pop,2000,2.630219
MRT,rgdpe,2010,14324.86523
MRT,pop,2010,3.494195
MRT,rgdpe,2019,19383.74609
MRT,pop,2019,4.525696
MSR,rgdpe,1970,119.3367996
MSR,pop,1970,0.011534
MSR,rgdpe,1980,174.7333374
MSR,pop,1980,0.011607
MSR,rgdpe,1990,338.5759888
MSR,pop,1990,0.010615
MSR,rgdpe,2000,105.1927261
MSR,pop,2000,0.004929
MSR,rgdpe,2010,105.7587814
MSR,pop,2010,0.004899
MSR,rgdpe,2019,99.14034271
MSR,pop,2019,0.004989
MUS,rgdpe,1960,2732.995117
MUS,pop,1960,0.660774405
MUS,rgdpe,1970,4076.406982
MUS,pop,1970,0.826441
MUS,rgdpe,1980,5952.476563
MUS,pop,1980,0.966031
MUS,rgdpe,1990,11257.15723
MUS,pop,1990,1.055868
MUS,rgdpe,2000,18592.23828
MUS,pop,2000,1.185145
MUS,rgdpe,2010,20575.00977
MUS,pop,2010,1.247955
MUS,rgdpe,2019,29454.60547
MUS,pop,2019,1.269668
MWI,rgdpe,1960,3250.085205
MWI,pop,1960,3.600247004
MWI,rgdpe,1970,5427.556152
MWI,pop,1970,4.703782
MWI,rgdpe,1980,7608.474121
MWI,pop,1980,6.25044
MWI,rgdpe,1990,9676.668945
MWI,pop,1990,9.4045
MWI,rgdpe,2000,10402.24512
MWI,pop,2000,11.148758
MWI,rgdpe,2010,16374.16211
MWI,pop,2010,14.539612
MWI,rgdpe,2019,20365.36914
MWI,pop,2019,18.628747
MYS,rgdpe,1960,24448.11523
MYS,pop,1960,8.34653822
MYS,rgdpe,1970,38368.73047
MYS,pop,1970,10.804131
MYS,rgdpe,1980,99390.875
MYS,pop,1980,13.798085
MYS,rgdpe,1990,158189.5156
MYS,pop,1990,18.029824
MYS,rgdpe,2000,338088.5313
MYS,pop,2000,23.194257
MYS,rgdpe,2010,608906.5
MYS,pop,2010,28.208035
MYS,rgdpe,2019,892796.9375
MYS,pop,2019,31.949777
NAM,rgdpe,1960,3023.759277
NAM,pop,1960,0.631509128
NAM,rgdpe,1970,5158.87207
NAM,pop,1970,0.817469
NAM,rgdpe,1980,7757.050293
NAM,pop,1980,1.057727
NAM,rgdpe,1990,7290.436035
NAM,pop,1990,1.432905
NAM,rgdpe,2000,11164.9668
NAM,pop,2000,1.794571
NAM,rgdpe,2010,20009.72461
NAM,pop,2010,2.118874
NAM,rgdpe,2019,25193.12305
NAM,pop,2019,2.49453
NER,rgdpe,1960,7162.895508
NER,pop,1960,3.646033835
NER,rgdpe,1970,8974.584961
NER,pop,1970,4.510644
NER,rgdpe,1980,11473.44043
NER,pop,1980,5.989004
NER,rgdpe,1990,9652.34668
NER,pop,1990,8.026591
NER,rgdpe,2000,11434.87402
NER,pop,2000,11.331557
NER,rgdpe,2010,17789.65625
NER,pop,2010,16.464025
NER,rgdpe,2019,27402.02148
NER,pop,2019,23.310715
NGA,rgdpe,1960,83743.70313
NGA,pop,1960,41.84384748
NGA,rgdpe,1970,156789.5781
NGA,pop,1970,55.982144
NGA,rgdpe,1980,342868.125
NGA,pop,1980,73.423633
NGA,rgdpe,1990,79656.47656
NGA,pop,1990,95.21245
NGA,rgdpe,2000,90781.35938
NGA,pop,2000,122.28385
NGA,rgdpe,2010,787799.3125
NGA,pop,2010,158.503197
NGA,rgdpe,2019,983644.625
NGA,pop,2019,200.963599
NIC,rgdpe,1960,8424.736328
NIC,pop,1960,1.75011928
NIC,rgdpe,1970,16795.59375
NIC,pop,1970,2.406513
NIC,rgdpe,1980,17689.00195
NIC,pop,1980,3.265519
NIC,rgdpe,1990,13908.55566
NIC,pop,1990,4.173434
NIC,rgdpe,2000,18925.86328
NIC,pop,2000,5.069302
NIC,rgdpe,2010,24806.39063
NIC,pop,2010,5.824065
NIC,rgdpe,2019,33381.95313
NIC,pop,2019,6.545502
NLD,rgdpe,1960,143250.1406
NLD,pop,1960,11.45921394
NLD,rgdpe,1970,252775.6094
NLD,pop,1970,13.001943
NLD,rgdpe,1980,365914.125
NLD,pop,1980,14.148415
NLD,rgdpe,1990,427019.3438
NLD,pop,1990,14.965448
NLD,rgdpe,2000,691783.9375
NLD,pop,2000,15.926188
NLD,rgdpe,2010,825929.875
NLD,pop,2010,16.682917
NLD,rgdpe,2019,958222.125
NLD,pop,2019,17.09713
NOR,rgdpe,1960,43702.35156
NOR,pop,1960,3.580014176
NOR,rgdpe,1970,69841.26563
NOR,pop,1970,3.87606
NOR,rgdpe,1980,107821.2266
NOR,pop,1980,4.086076
NOR,rgdpe,1990,120804.9922
NOR,pop,1990,4.247285
NOR,rgdpe,2000,209320.2188
NOR,pop,2000,4.499367
NOR,rgdpe,2010,306973.875
NOR,pop,2010,4.885878
NOR,rgdpe,2019,336383.4375
NOR,pop,2019,5.378857
NPL,rgdpe,1960,7583.604492
NPL,pop,1960,10.16602074
NPL,rgdpe,1970,9861.967773
NPL,pop,1970,12.074626
NPL,rgdpe,1980,11472.47754
NPL,pop,1980,15.016402
NPL,rgdpe,1990,19886.93359
NPL,pop,1990,18.905478
NPL,rgdpe,2000,32087.16016
NPL,pop,2000,23.94111
NPL,rgdpe,2010,51229.73438
NPL,pop,2010,27.013212
NPL,rgdpe,2019,88812.17188
NPL,pop,2019,28.60871
NZL,rgdpe,1960,34864.98047
NZL,pop,1960,2.363642267
NZL,rgdpe,1970,48346.77344
NZL,pop,1970,2.818387
NZL,rgdpe,1980,56791
NZL,pop,1980,3.146619
NZL,rgdpe,1990,76854.85938
NZL,pop,1990,3.398172
NZL,rgdpe,2000,114906.9531
NZL,pop,2000,3.858999
NZL,rgdpe,2010,150140.7031
NZL,pop,2010,4.370062
NZL,rgdpe,2019,200567.4688
NZL,pop,2019,4.783063
OMN,rgdpe,1970,8944.172852
OMN,pop,1970,0.723851
OMN,rgdpe,1980,14558.37695
OMN,pop,1980,1.154377
OMN,rgdpe,1990,21165.97852
OMN,pop,1990,1.812161
OMN,rgdpe,2000,40377.47656
OMN,pop,2000,2.267973
OMN,rgdpe,2010,136989.6719
OMN,pop,2010,3.041434
OMN,rgdpe,2019,146761.0938
OMN,pop,2019,4.974986
PAK,rgdpe,1960,57457.05078
PAK,pop,1960,44.58648666
PAK,rgdpe,1970,113028.7578
PAK,pop,1970,58.14206
PAK,rgdpe,1980,170816.5313
PAK,pop,1980,78.054343
PAK,rgdpe,1990,288565.5313
PAK,pop,1990,107.647921
PAK,rgdpe,2000,406803.625
PAK,pop,2000,142.343578
PAK,rgdpe,2010,730766.0625
PAK,pop,2010,179.424641
PAK,rgdpe,2019,1036927.188
PAK,pop,2019,216.565318
PAN,rgdpe,1960,3390.803223
PAN,pop,1960,1.138800297
PAN,rgdpe,1970,8363.514648
PAN,pop,1970,1.519285
PAN,rgdpe,1980,13251.05176
PAN,pop,1980,1.978487
PAN,rgdpe,1990,16359.83887
PAN,pop,1990,2.470947
PAN,rgdpe,2000,29383.13086
PAN,pop,2000,3.030328
PAN,rgdpe,2010,57228.15234
PAN,pop,2010,3.642687
PAN,rgdpe,2019,125637.2891
PAN,pop,2019,4.246439
PER,rgdpe,1960,28604.31055
PER,pop,1960,10.13198224
PER,rgdpe,1970,52769.40625
PER,pop,1970,13.459794
PER,rgdpe,1980,76617.97656
PER,pop,1980,17.54761
PER,rgdpe,1990,81599.6875
PER,pop,1990,22.071433
PER,rgdpe,2000,139454.9688
PER,pop,2000,26.459944
PER,rgdpe,2010,297252.2813
PER,pop,2010,29.027674
PER,rgdpe,2019,403553.0625
PER,pop,2019,32.510453
PHL,rgdpe,1960,53766.98047
PHL,pop,1960,26.45960513
PHL,rgdpe,1970,88327.08594
PHL,pop,1970,35.803594
PHL,rgdpe,1980,159232.5
PHL,pop,1980,47.357743
PHL,rgdpe,1990,233166.1406
PHL,pop,1990,61.89516
PHL,rgdpe,2000,361121.5
PHL,pop,2000,77.991755
PHL,rgdpe,2010,544074
PHL,pop,2010,93.96678
PHL,rgdpe,2019,887153.875
PHL,pop,2019,108.116615
POL,rgdpe,1970,188512.8438
POL,pop,1970,32.639258
POL,rgdpe,1980,240582.1719
POL,pop,1980,35.53972
POL,rgdpe,1990,335214.8438
POL,pop,1990,37.960193
POL,rgdpe,2000,563612
POL,pop,2000,38.556693
POL,rgdpe,2010,903923.6875
POL,pop,2010,38.329781
POL,rgdpe,2019,1259558
POL,pop,2019,37.887768
PRT,rgdpe,1960,39281.51172
PRT,pop,1960,8.644166075
PRT,rgdpe,1970,73305.84375
PRT,pop,1970,8.65134
PRT,rgdpe,1980,108335.8672
PRT,pop,1980,9.750964
PRT,rgdpe,1990,157528.2344
PRT,pop,1990,9.895364
PRT,rgdpe,2000,259565.5469
PRT,pop,2000,10.297112
PRT,rgdpe,2010,323244.6875
PRT,pop,2010,10.596058
PRT,rgdpe,2019,350394.4688
PRT,pop,2019,10.226187
PRY,rgdpe,1960,3950.041748
PRY,pop,1960,1.907979163
PRY,rgdpe,1970,6577.962402
PRY,pop,1970,2.474763
PRY,rgdpe,1980,14058.55176
PRY,pop,1980,3.181625
PRY,rgdpe,1990,20689.85938
PRY,pop,1990,4.223415
PRY,rgdpe,2000,26181.19531
PRY,pop,2000,5.323201
PRY,rgdpe,2010,63633.5
PRY,pop,2010,6.24802
PRY,rgdpe,2019,85493.5
PRY,pop,2019,7.044636
PSE,rgdpe,1970,1578.589844
PSE,pop,1970,1.126629
PSE,rgdpe,1980,3794.008545
PSE,pop,1980,1.510713
PSE,rgdpe,1990,5372.419434
PSE,pop,1990,2.101446
PSE,rgdpe,2000,11878.08008
PSE,pop,2000,3.224003
PSE,rgdpe,2010,17371.95117
PSE,pop,2010,4.055631
PSE,rgdpe,2019,30395.57422
PSE,pop,2019,4.98142
QAT,rgdpe,1970,10285.81055
QAT,pop,1970,0.109514
QAT,rgdpe,1980,17529.75781
QAT,pop,1980,0.223632
QAT,rgdpe,1990,13335.68066
QAT,pop,1990,0.476278
QAT,rgdpe,2000,31665.73438
QAT,pop,2000,0.592468
QAT,rgdpe,2010,240985.0781
QAT,pop,2010,1.856327
QAT,rgdpe,2019,292969.25
QAT,pop,2019,2.832067
ROU,rgdpe,1960,28634.7168
ROU,pop,1960,18.67272454
ROU,rgdpe,1970,62321.64063
ROU,pop,1970,20.548911
ROU,rgdpe,1980,154295.0156
ROU,pop,1980,22.615639
ROU,rgdpe,1990,182133.5313
ROU,pop,1990,23.48916
ROU,rgdpe,2000,181598.1406
ROU,pop,2000,22.137419
ROU,rgdpe,2010,379246.4063
ROU,pop,2010,20.471864
ROU,rgdpe,2019,558225.0625
ROU,pop,2019,19.364557
RUS,rgdpe,1990,2403366.75
RUS,pop,1990,147.531561
RUS,rgdpe,2000,1688101.625
RUS,pop,2000,146.404903
RUS,rgdpe,2010,3403421.5
RUS,pop,2010,143.479274
RUS,rgdpe,2019,4196384.5
RUS,pop,2019,145.872256
RWA,rgdpe,1960,3102.918945
RWA,pop,1960,3.022302075
RWA,rgdpe,1970,3982.946289
RWA,pop,1970,3.757358
RWA,rgdpe,1980,6312.62793
RWA,pop,1980,5.153312
RWA,rgdpe,1990,8104.617188
RWA,pop,1990,7.288882
RWA,rgdpe,2000,7514.164063
RWA,pop,2000,7.933681
RWA,rgdpe,2010,15211.73926
RWA,pop,2010,10.039338
RWA,rgdpe,2019,26964.23438
RWA,pop,2019,12.62695
SAU,rgdpe,1970,118999.7813
SAU,pop,1970,5.836389
SAU,rgdpe,1980,370778.8438
SAU,pop,1980,9.691476
SAU,rgdpe,1990,295483.625
SAU,pop,1990,16.233785
SAU,rgdpe,2000,452881.5
SAU,pop,2000,20.663843
SAU,rgdpe,2010,1416846.25
SAU,pop,2010,27.421461
SAU,rgdpe,2019,1754258.375
SAU,pop,2019,34.268528
SDN,rgdpe,1970,17191.56836
SDN,pop,1970,10.2817
SDN,rgdpe,1980,30479.60156
SDN,pop,1980,14.507468
SDN,rgdpe,1990,39900.40234
SDN,pop,1990,20.14759
SDN,rgdpe,2000,58375.03906
SDN,pop,2000,27.275015
SDN,rgdpe,2010,171743.6094
SDN,pop,2010,34.545013
SDN,rgdpe,2019,512168.9375
SDN,pop,2019,42.813238
SEN,rgdpe,1960,9682.922852
SEN,pop,1960,3.224079475
SEN,rgdpe,1970,10223.90332
SEN,pop,1970,4.257505
SEN,rgdpe,1980,12311.53613
SEN,pop,1980,5.583165
SEN,rgdpe,1990,20872.21094
SEN,pop,1990,7.526307
SEN,rgdpe,2000,25438.43164
SEN,pop,2000,9.797734
SEN,rgdpe,2010,37794.41797
SEN,pop,2010,12.678148
SEN,rgdpe,2019,52001.14063
SEN,pop,2019,16.296364
SGP,rgdpe,1960,4528.470703
SGP,pop,1960,1.644634934
SGP,rgdpe,1970,11937.2627
SGP,pop,1970,2.072283
SGP,rgdpe,1980,30957.18555
SGP,pop,1980,2.411688
SGP,rgdpe,1990,64861.30859
SGP,pop,1990,3.012966
SGP,rgdpe,2000,166275.375
SGP,pop,2000,4.028871
SGP,rgdpe,2010,399293
SGP,pop,2010,5.131172
SGP,rgdpe,2019,514400.5313
SGP,pop,2019,5.804337
SLE,rgdpe,1970,3760.432617
SLE,pop,1970,2.744891
SLE,rgdpe,1980,4264.005859
SLE,pop,1980,3.388495
SLE,rgdpe,1990,6629.835449
SLE,pop,1990,4.319762
SLE,rgdpe,2000,4257.924805
SLE,pop,2000,4.584571
SLE,rgdpe,2010,7552.858398
SLE,pop,2010,6.415634
SLE,rgdpe,2019,13622.05469
SLE,pop,2019,7.813215
SLV,rgdpe,1960,2127.0979
SLV,pop,1960,2.631124973
SLV,rgdpe,1970,3702.490234
SLV,pop,1970,3.673068
SLV,rgdpe,1980,5117.318359
SLV,pop,1980,4.591134
SLV,rgdpe,1990,6124.444824
SLV,pop,1990,5.270079
SLV,rgdpe,2000,14769.17188
SLV,pop,2000,5.887936
SLV,rgdpe,2010,36683.03906
SLV,pop,2010,6.183875
SLV,rgdpe,2019,53767.48438
SLV,pop,2019,6.453553
SRB,rgdpe,1990,113412.2891
SRB,pop,1990,9.517675
SRB,rgdpe,2000,59989.62109
SRB,pop,2000,7.516346
SRB,rgdpe,2010,103710.9688
SRB,pop,2010,7.291436
SRB,rgdpe,2019,121544.1328
SRB,pop,2019,6.99451
STP,rgdpe,1970,152.2356567
STP,pop,1970,0.074564
STP,rgdpe,1980,250.8520355
STP,pop,1980,0.095794
STP,rgdpe,1990,219.8150635
STP,pop,1990,0.119209
STP,rgdpe,2000,253.9575348
STP,pop,2000,0.142262
STP,rgdpe,2010,482.6745911
STP,pop,2010,0.180371
STP,rgdpe,2019,784.4802856
STP,pop,2019,0.215056
SUR,rgdpe,1970,1836.22644
SUR,pop,1970,0.367931
SUR,rgdpe,1980,2341.835449
SUR,pop,1980,0.359519
SUR,rgdpe,1990,2825.558105
SUR,pop,1990,0.405168
SUR,rgdpe,2000,3583.681396
SUR,pop,2000,0.470949
SUR,rgdpe,2010,7609.877441
SUR,pop,2010,0.529131
SUR,rgdpe,2019,8850.105469
SUR,pop,2019,0.581372
SVK,rgdpe,1990,99949.03906
SVK,pop,1990,5.288454
SVK,rgdpe,2000,87941.08594
SVK,pop,2000,5.399211
SVK,rgdpe,2010,154082.0156
SVK,pop,2010,5.404294
SVK,rgdpe,2019,176512.0625
SVK,pop,2019,5.457013
SVN,rgdpe,1990,42710.45703
SVN,pop,1990,2.006405
SVN,rgdpe,2000,48601.67578
SVN,pop,2000,1.987717
SVN,rgdpe,2010,64008.47266
SVN,pop,2010,2.043337
SVN,rgdpe,2019,82550.44531
SVN,pop,2019,2.078654
SWE,rgdpe,1960,109411.1719
SWE,pop,1960,7.491660992
SWE,rgdpe,1970,171954.9844
SWE,pop,1970,8.054916
SWE,rgdpe,1980,196585.9531
SWE,pop,1980,8.316338
SWE,rgdpe,1990,257697.8125
SWE,pop,1990,8.567384
SWE,rgdpe,2000,354020
SWE,pop,2000,8.88164
SWE,rgdpe,2010,438634.2188
SWE,pop,2010,9.390168
SWE,rgdpe,2019,560862.75
SWE,pop,2019,10.036379
SWZ,rgdpe,1970,1173.719482
SWZ,pop,1970,0.431253
SWZ,rgdpe,1980,2465.432373
SWZ,pop,1980,0.587858
SWZ,rgdpe,1990,5462.794434
SWZ,pop,1990,0.82242
SWZ,rgdpe,2000,8405.62793
SWZ,pop,2000,1.005435
SWZ,rgdpe,2010,9398.040039
SWZ,pop,2010,1.064837
SWZ,rgdpe,2019,9682.97168
SWZ,pop,2019,1.14813
SXM,rgdpe,2010,1302.243652
SXM,pop,2010,0.034168
SXM,rgdpe,2019,1512.009521
SXM,pop,2019,0.042388
SYC,rgdpe,1960,260.9156799
SYC,pop,1960,0.040323727
SYC,rgdpe,1970,409.9413757
SYC,pop,1970,0.052368
SYC,rgdpe,1980,789.4005737
SYC,pop,1980,0.066244
SYC,rgdpe,1990,1224.262451
SYC,pop,1990,0.07057
SYC,rgdpe,2000,1882.682495
SYC,pop,2000,0.080996
SYC,rgdpe,2010,1905.656128
SYC,pop,2010,0.091264
SYC,rgdpe,2019,3032.944824
SYC,pop,2019,0.097739
SYR,rgdpe,1960,10133.08105
SYR,pop,1960,4.599543969
SYR,rgdpe,1970,22689.60938
SYR,pop,1970,6.350541
SYR,rgdpe,1980,27671.79883
SYR,pop,1980,8.930774
SYR,rgdpe,1990,16853.49805
SYR,pop,1990,12.446171
SYR,rgdpe,2000,28160.14648
SYR,pop,2000,16.410848
SYR,rgdpe,2010,132460.7656
SYR,pop,2010,21.362529
SYR,rgdpe,2019,96799.375
SYR,pop,2019,17.070135
TCA,rgdpe,1970,20.35942841
TCA,pop,1970,0.005841
TCA,rgdpe,1980,55.97058105
TCA,pop,1980,0.007888
TCA,rgdpe,1990,154.5832062
TCA,pop,1990,0.012111
TCA,rgdpe,2000,373.9082947
TCA,pop,2000,0.020164
TCA,rgdpe,2010,714.7403564
TCA,pop,2010,0.03266
TCA,rgdpe,2019,1144.237915
TCA,pop,2019,0.038191
TCD,rgdpe,1960,4349.821289
TCD,pop,1960,2.974038113
TCD,rgdpe,1970,5100.788574
TCD,pop,1970,3.643604
TCD,rgdpe,1980,4325.232422
TCD,pop,1980,4.51443
TCD,rgdpe,1990,7216.182129
TCD,pop,1990,5.963252
TCD,rgdpe,2000,8771.541016
TCD,pop,2000,8.355654
TCD,rgdpe,2010,25166.66992
TCD,pop,2010,11.952136
TCD,rgdpe,2019,25652.43555
TCD,pop,2019,15.946876
TGO,rgdpe,1960,1800.532349
TGO,pop,1960,1.568119977
TGO,rgdpe,1970,3856.647217
TGO,pop,1970,2.115522
TGO,rgdpe,1980,5737.220703
TGO,pop,1980,2.720839
TGO,rgdpe,1990,6647.795898
TGO,pop,1990,3.774312
TGO,rgdpe,2000,6921.92627
TGO,pop,2000,4.924402
TGO,rgdpe,2010,8088.219238
TGO,pop,2010,6.421679
TGO,rgdpe,2019,17609.67773
TGO,pop,2019,8.082366
THA,rgdpe,1960,33231.93359
THA,pop,1960,27.35969913
THA,rgdpe,1970,89944.48438
THA,pop,1970,36.884536
THA,rgdpe,1980,165988.5625
THA,pop,1980,47.374472
THA,rgdpe,1990,308343.9063
THA,pop,1990,56.558186
THA,rgdpe,2000,504790.7813
THA,pop,2000,62.952642
THA,rgdpe,2010,956741.9375
THA,pop,2010,67.195028
THA,rgdpe,2019,1222420.5
THA,pop,2019,69.625582
TJK,rgdpe,1990,36560.10156
TJK,pop,1990,5.283814
TJK,rgdpe,2000,8147.522949
TJK,pop,2000,6.216341
TJK,rgdpe,2010,18644.65234
TJK,pop,2010,7.527394
TJK,rgdpe,2019,30786.4668
TJK,pop,2019,9.321018
TKM,rgdpe,1990,42758.30469
TKM,pop,1990,3.683967
TKM,rgdpe,2000,40280.29297
TKM,pop,2000,4.516133
TKM,rgdpe,2010,81559.53125
TKM,pop,2010,5.087213
TKM,rgdpe,2019,162288.7344
TKM,pop,2019,5.942089
TTO,rgdpe,1960,6552.48291
TTO,pop,1960,0.83265923
TTO,rgdpe,1970,10692.27148
TTO,pop,1970,0.94536
TTO,rgdpe,1980,27493.08789
TTO,pop,1980,1.084744
TTO,rgdpe,1990,15085.7627
TTO,pop,1990,1.221116
TTO,rgdpe,2000,18303.76172
TTO,pop,2000,1.267153
TTO,rgdpe,2010,40249.23047
TTO,pop,2010,1.328147
TTO,rgdpe,2019,37337.09375
TTO,pop,2019,1.394973
TUN,rgdpe,1960,7141.003418
TUN,pop,1960,4.113181453
TUN,rgdpe,1970,14020.03223
TUN,pop,1970,5.063809
TUN,rgdpe,1980,29877.53125
TUN,pop,1980,6.374039
TUN,rgdpe,1990,47985.64063
TUN,pop,1990,8.242496
TUN,rgdpe,2000,85061.53906
TUN,pop,2000,9.70835
TUN,rgdpe,2010,122848.0781
TUN,pop,2010,10.635244
TUN,rgdpe,2019,125589.875
TUN,pop,2019,11.694719
TUR,rgdpe,1960,139004.5938
TUR,pop,1960,27.52106895
TUR,rgdpe,1970,249767.0156
TUR,pop,1970,34.876303
TUR,rgdpe,1980,360795
TUR,pop,1980,43.975971
TUR,rgdpe,1990,606237.25
TUR,pop,1990,53.92176
TUR,rgdpe,2000,800924.8125
TUR,pop,2000,63.240194
TUR,rgdpe,2010,1402072.5
TUR,pop,2010,72.326988
TUR,rgdpe,2019,2227302
TUR,pop,2019,83.429615
TWN,rgdpe,1960,27243.65625
TWN,pop,1960,10.667705
TWN,rgdpe,1970,80411.5625
TWN,pop,1970,14.582944
TWN,rgdpe,1980,202589.6094
TWN,pop,1980,17.704538
TWN,rgdpe,1990,430896.4375
TWN,pop,1990,20.278946
TWN,rgdpe,2000,789488.875
TWN,pop,2000,22.18453
TWN,rgdpe,2010,1007011
TWN,pop,2010,23.140948
TWN,rgdpe,2019,1153736.25
TWN,pop,2019,23.596027
TZA,rgdpe,1960,12068.30664
TZA,pop,1960,10.05798954
TZA,rgdpe,1970,22860.41211
TZA,pop,1970,13.535481
TZA,rgdpe,1980,32254.83789
TZA,pop,1980,18.538259
TZA,rgdpe,1990,25745.72656
TZA,pop,1990,24.523558
TZA,rgdpe,2000,37378.14844
TZA,pop,2000,32.58318
TZA,rgdpe,2010,92960.25
TZA,pop,2010,43.094401
TZA,rgdpe,2019,131446.9063
TZA,pop,2019,56.379874
UGA,rgdpe,1960,6181.039551
UGA,pop,1960,7.010431606
UGA,rgdpe,1970,10671.94824
UGA,pop,1970,9.4056
UGA,rgdpe,1980,10086.54004
UGA,pop,1980,12.442334
UGA,rgdpe,1990,15282.87695
UGA,pop,1990,17.354392
UGA,rgdpe,2000,28887.16016
UGA,pop,2000,23.650172
UGA,rgdpe,2010,59642.50781
UGA,pop,2010,32.428167
UGA,rgdpe,2019,89423.85938
UGA,pop,2019,44.269594
UKR,rgdpe,1990,609724.8125
UKR,pop,1990,51.463105
UKR,rgdpe,2000,242466.9531
UKR,pop,2000,48.838065
UKR,rgdpe,2010,426267.1875
UKR,pop,2010,45.79209
UKR,rgdpe,2019,562407.125
UKR,pop,2019,43.993638
URY,rgdpe,1960,19406.42383
URY,pop,1960,2.518540254
URY,rgdpe,1970,23820.5
URY,pop,1970,2.809793
URY,rgdpe,1980,29853.70117
URY,pop,1980,2.915389
URY,rgdpe,1990,30117.00781
URY,pop,1990,3.109601
URY,rgdpe,2000,39829.66016
URY,pop,2000,3.319736
URY,rgdpe,2010,60625.28125
URY,pop,2010,3.359275
URY,rgdpe,2019,73451.78125
URY,pop,2019,3.461734
USA,rgdpe,1960,3489464.25
USA,pop,1960,184.6018843
USA,rgdpe,1970,5312460.5
USA,pop,1970,209.513341
USA,rgdpe,1980,7065936
USA,pop,1980,229.476354
USA,rgdpe,1990,9848664
USA,pop,1990,252.120309
USA,rgdpe,2000,14111999
USA,pop,2000,281.710909
USA,rgdpe,2010,16585038
USA,pop,2010,309.011475
USA,rgdpe,2019,20862690
USA,pop,2019,329.064917
UZB,rgdpe,1990,123287.3516
UZB,pop,1990,20.398348
UZB,rgdpe,2000,111710.0938
UZB,pop,2000,24.769955
UZB,rgdpe,2010,209985.1719
UZB,pop,2010,28.515909
UZB,rgdpe,2019,378326.125
UZB,pop,2019,32.981716
VCT,rgdpe,1970,298.9571533
VCT,pop,1970,0.090509
VCT,rgdpe,1980,391.157196
VCT,pop,1980,0.100566
VCT,rgdpe,1990,648.1446533
VCT,pop,1990,0.107484
VCT,rgdpe,2000,859.1248779
VCT,pop,2000,0.107784
VCT,rgdpe,2010,1168.690308
VCT,pop,2010,0.108255
VCT,rgdpe,2019,1317.500488
VCT,pop,2019,0.110589
VEN,rgdpe,1960,62849.21875
VEN,pop,1960,8.004881467
VEN,rgdpe,1970,108859.7969
VEN,pop,1970,11.396393
VEN,rgdpe,1980,173477.1563
VEN,pop,1980,15.182611
VEN,rgdpe,1990,185168.25
VEN,pop,1990,19.632665
VEN,rgdpe,2000,189264.2813
VEN,pop,2000,24.192446
VEN,rgdpe,2010,486814.125
VEN,pop,2010,28.43994
VEN,rgdpe,2019,7166.982422
VEN,pop,2019,28.515829
VGB,rgdpe,1970,67.01953125
VGB,pop,1970,0.009827
VGB,rgdpe,1980,100.1973343
VGB,pop,1980,0.011478
VGB,rgdpe,1990,204.8043518
VGB,pop,1990,0.017489
VGB,rgdpe,2000,991.6401367
VGB,pop,2000,0.020311
VGB,rgdpe,2010,994.2037354
VGB,pop,2010,0.027794
VGB,rgdpe,2019,1147.241577
VGB,pop,2019,0.03003
VNM,rgdpe,1970,36868.39844
VNM,pop,1970,43.404793
VNM,rgdpe,1980,53669.02734
VNM,pop,1980,54.281846
VNM,rgdpe,1990,92879.73438
VNM,pop,1990,67.988862
VNM,rgdpe,2000,179241.3906
VNM,pop,2000,79.910412
VNM,rgdpe,2010,391317.625
VNM,pop,2010,87.967651
VNM,rgdpe,2019,750832.5625
VNM,pop,2019,96.462106
YEM,rgdpe,1990,9128.637695
YEM,pop,1990,11.709993
YEM,rgdpe,2000,21536.50195
YEM,pop,2000,17.409072
YEM,rgdpe,2010,104353.4297
YEM,pop,2010,23.154855
YEM,rgdpe,2019,50048.90234
YEM,pop,2019,29.161922
ZAF,rgdpe,1960,110301.5625
ZAF,pop,1960,16.90338386
ZAF,rgdpe,1970,191193.4375
ZAF,pop,1970,22.069776
ZAF,rgdpe,1980,306925.9063
ZAF,pop,1980,28.556769
ZAF,rgdpe,1990,341340.8438
ZAF,pop,1990,36.800509
ZAF,rgdpe,2000,438895.6563
ZAF,pop,2000,44.967708
ZAF,rgdpe,2010,657645.625
ZAF,pop,2010,51.216964
ZAF,rgdpe,2019,748861
ZAF,pop,2019,58.55827
ZMB,rgdpe,1960,9143.59375
ZMB,pop,1960,3.198477003
ZMB,rgdpe,1970,16054.07422
ZMB,pop,1970,4.179067
ZMB,rgdpe,1980,10032.47559
ZMB,pop,1980,5.851825
ZMB,rgdpe,1990,11380.52441
ZMB,pop,1990,8.036845
ZMB,rgdpe,2000,13513.90137
ZMB,pop,2000,10.415944
ZMB,rgdpe,2010,46988.73828
ZMB,pop,2010,13.605984
ZMB,rgdpe,2019,57954.69141
ZMB,pop,2019,17.86103
ZWE,rgdpe,1960,9562.634766
ZWE,pop,1960,3.847112415
ZWE,rgdpe,1970,15518.30957
ZWE,pop,1970,5.289303
ZWE,rgdpe,1980,23583.40039
ZWE,pop,1980,7.408624
ZWE,rgdpe,1990,55117.04297
ZWE,pop,1990,10.432421
ZWE,rgdpe,2000,42880.08984
ZWE,pop,2000,11.881477
ZWE,rgdpe,2010,27993.52148
ZWE,pop,2010,12.697723
ZWE,rgdpe,2019,42293.99219
ZWE,pop,2019,14.645468