VariableCode,RegionCode,YearCode,AggValue
rgdpo,ABW,1970,463.30258178710900000
rgdpo,ABW,1980,1097.31555175781000000
rgdpo,ABW,1990,3012.50317382813000000
rgdpo,ABW,2000,4129.49267578125000000
emp,ABW,2000,0.04190000146627430
rgdpo,ABW,2010,3933.11547851563000000
emp,ABW,2010,0.04650000110268590
rgdpo,ABW,2019,3463.53491210938000000
emp,ABW,2019,0.04760088771581650
rgdpo,AGO,1970,28527.01171875000000000
emp,AGO,1970,3.66620731353760000
rgdpo,AGO,1980,28932.06445312500000000
emp,AGO,1980,4.95223426818848000
rgdpo,AGO,1990,35992.87890625000000000
emp,AGO,1990,6.66724205017090000
rgdpo,AGO,2000,36544.38671875000000000
emp,AGO,2000,9.06355476379395000
rgdpo,AGO,2010,159644.23437500000000000
emp,AGO,2010,11.97783279418950000
rgdpo,AGO,2019,227841.42187500000000000
emp,AGO,2019,16.64496231079100000
rgdpo,AIA,1970,67.86354827880860000
rgdpo,AIA,1980,98.59049987792970000
emp,AIA,1980,0.00171110534574836
rgdpo,AIA,1990,247.39848327636700000
emp,AIA,1990,0.00355263403616846
rgdpo,AIA,2000,305.81134033203100000
emp,AIA,2000,0.00541337020695210
rgdpo,AIA,2010,381.15731811523400000
rgdpo,AIA,2019,225.53736877441400000
rgdpo,ALB,1970,6695.36962890625000000
emp,ALB,1970,0.76915723085403400
rgdpo,ALB,1980,9961.81152343750000000
emp,ALB,1980,1.02704501152039000
rgdpo,ALB,1990,12092.90136718750000000
emp,ALB,1990,1.32407820224762000
rgdpo,ALB,2000,16627.99218750000000000
emp,ALB,2000,0.96296745538711500
rgdpo,ALB,2010,31011.35742187500000000
emp,ALB,2010,0.89081835746765100
rgdpo,ALB,2019,36089.42187500000000000
emp,ALB,2019,1.07589769363403000
rgdpo,ARE,1970,70514.90625000000000000
emp,ARE,1970,0.10193782299757000
rgdpo,ARE,1980,307846.31250000000000000
emp,ARE,1980,0.55330002307891800
rgdpo,ARE,1990,264779.56250000000000000
emp,ARE,1990,0.94894194602966300
rgdpo,ARE,2000,347811.87500000000000000
emp,ARE,2000,1.77899992465973000
rgdpo,ARE,2010,618776.81250000000000000
emp,ARE,2010,5.27298212051392000
rgdpo,ARE,2019,645700.06250000000000000
emp,ARE,2019,5.80883407592773000
rgdpo,ARG,1960,65979.64843750000000000
emp,ARG,1960,7.64299201965332000
avh,ARG,1960,2073.00000000000000000
rgdpo,ARG,1970,97088.53906250000000000
emp,ARG,1970,8.65194988250732000
avh,ARG,1970,2006.00000000000000000
rgdpo,ARG,1980,125293.42187500000000000
emp,ARG,1980,9.82857227325439000
avh,ARG,1980,1974.00000000000000000
rgdpo,ARG,1990,204176.14062500000000000
emp,ARG,1990,11.81147861480710000
avh,ARG,1990,1850.00000000000000000
rgdpo,ARG,2000,528354.93750000000000000
emp,ARG,2000,13.59835910797120000
avh,ARG,2000,1862.13626747802000000
rgdpo,ARG,2010,784674.00000000000000000
emp,ARG,2010,18.07674598693850000
avh,ARG,2010,1760.22478243752000000
rgdpo,ARG,2019,977354.81250000000000000
emp,ARG,2019,20.64321517944340000
avh,ARG,2019,1609.06899778265000000
rgdpo,ARM,1990,24346.29882812500000000
emp,ARM,1990,1.83259057998657000
rgdpo,ARM,2000,11658.35449218750000000
emp,ARM,2000,1.41887354850769000
rgdpo,ARM,2010,25546.34179687500000000
emp,ARM,2010,1.16006529331207000
rgdpo,ARM,2019,43573.24218750000000000
emp,ARM,2019,0.96609097719192500
rgdpo,ATG,1970,399.59472656250000000
rgdpo,ATG,1980,491.93695068359400000
rgdpo,ATG,1990,843.63586425781300000
rgdpo,ATG,2000,1166.29357910156000000
emp,ATG,2000,0.03542226925492290
rgdpo,ATG,2010,1847.98327636719000000
rgdpo,ATG,2019,1602.40661621094000000
rgdpo,AUS,1960,165417.39062500000000000
emp,AUS,1960,4.15540218353271000
avh,AUS,1960,1978.31081824291000000
rgdpo,AUS,1970,275288.37500000000000000
emp,AUS,1970,5.47068738937378000
avh,AUS,1970,1942.11595280387000000
rgdpo,AUS,1980,360221.06250000000000000
emp,AUS,1980,6.27751445770264000
avh,AUS,1980,1909.76282731007000000
rgdpo,AUS,1990,507688.34375000000000000
emp,AUS,1990,7.84548377990723000
avh,AUS,1990,1863.95976066404000000
rgdpo,AUS,2000,746957.87500000000000000
emp,AUS,2000,8.90264701843262000
avh,AUS,2000,1847.48006809129000000
rgdpo,AUS,2010,1112653.50000000000000000
emp,AUS,2010,11.12126064300540000
avh,AUS,2010,1763.32278712918000000
rgdpo,AUS,2019,1364690.50000000000000000
emp,AUS,2019,12.86317443847660000
avh,AUS,2019,1726.79765901284000000
rgdpo,AUT,1960,72423.17187500000000000
emp,AUT,1960,3.44042825698853000
avh,AUT,1960,2059.28203347147000000
rgdpo,AUT,1970,111529.32031250000000000
emp,AUT,1970,3.26504325866699000
avh,AUT,1970,1890.13741918787000000
rgdpo,AUT,1980,152753.00000000000000000
emp,AUT,1980,3.51172971725464000
avh,AUT,1980,1881.03538523071000000
rgdpo,AUT,1990,205500.10937500000000000
emp,AUT,1990,3.56034135818481000
avh,AUT,1990,1826.02977823911000000
rgdpo,AUT,2000,306816.46875000000000000
emp,AUT,2000,3.75993108749390000
avh,AUT,2000,1798.43221117612000000
rgdpo,AUT,2010,385089.87500000000000000
emp,AUT,2010,4.09695100784302000
avh,AUT,2010,1665.84386842060000000
rgdpo,AUT,2019,477512.34375000000000000
emp,AUT,2019,4.55028104782104000
avh,AUT,2019,1611.37422283302000000
rgdpo,AZE,1990,76027.99218750000000000
emp,AZE,1990,3.87783622741699000
rgdpo,AZE,2000,22876.46679687500000000
emp,AZE,2000,3.85383367538452000
rgdpo,AZE,2010,129778.48437500000000000
emp,AZE,2010,4.37737941741943000
rgdpo,AZE,2019,159332.35937500000000000
emp,AZE,2019,5.02717876434326000
rgdpo,BDI,1960,2099.48779296875000000
rgdpo,BDI,1970,2968.04418945313000000
rgdpo,BDI,1980,4060.24316406250000000
emp,BDI,1980,1.96863210201263000
rgdpo,BDI,1990,5521.42871093750000000
emp,BDI,1990,2.56798529624939000
rgdpo,BDI,2000,4769.76757812500000000
emp,BDI,2000,2.66000699996948000
rgdpo,BDI,2010,6649.87109375000000000
emp,BDI,2010,3.75101351737976000
rgdpo,BDI,2019,9106.92285156250000000
emp,BDI,2019,5.00358819961548000
rgdpo,BEL,1960,96802.02343750000000000
emp,BEL,1960,3.49506068229675000
avh,BEL,1960,1996.07011427519000000
rgdpo,BEL,1970,154496.09375000000000000
emp,BEL,1970,3.72470760345459000
avh,BEL,1970,1880.77615901458000000
rgdpo,BEL,1980,234813.78125000000000000
emp,BEL,1980,3.78477525711060000
avh,BEL,1980,1698.97414364370000000
rgdpo,BEL,1990,261159.46875000000000000
emp,BEL,1990,3.86115694046021000
avh,BEL,1990,1655.92814000428000000
rgdpo,BEL,2000,346702.84375000000000000
emp,BEL,2000,4.12124252319336000
avh,BEL,2000,1589.10261089617000000
rgdpo,BEL,2010,489053.00000000000000000
emp,BEL,2010,4.49962615966797000
avh,BEL,2010,1573.83071067685000000
rgdpo,BEL,2019,517090.93750000000000000
emp,BEL,2019,4.92193651199341000
avh,BEL,2019,1586.43099700467000000
rgdpo,BEN,1960,4065.98193359375000000
rgdpo,BEN,1970,6400.99169921875000000
rgdpo,BEN,1980,8229.25683593750000000
emp,BEN,1980,1.32653748989105000
rgdpo,BEN,1990,6712.19970703125000000
emp,BEN,1990,1.75234127044678000
rgdpo,BEN,2000,11638.20214843750000000
emp,BEN,2000,2.45483946800232000
rgdpo,BEN,2010,19113.30468750000000000
emp,BEN,2010,3.30498743057251000
rgdpo,BEN,2019,38294.05468750000000000
emp,BEN,2019,4.30030059814453000
rgdpo,BFA,1960,5043.60302734375000000
emp,BFA,1960,2.71075272560120000
rgdpo,BFA,1970,5766.24316406250000000
emp,BFA,1970,2.71526789665222000
rgdpo,BFA,1980,8332.88281250000000000
emp,BFA,1980,3.01988601684570000
rgdpo,BFA,1990,9845.39746093750000000
emp,BFA,1990,3.95746183395386000
rgdpo,BFA,2000,16860.15234375000000000
emp,BFA,2000,4.83552837371826000
rgdpo,BFA,2010,25502.93554687500000000
emp,BFA,2010,5.14661169052124000
rgdpo,BFA,2019,43080.64062500000000000
emp,BFA,2019,6.95875597000122000
rgdpo,BGD,1960,81421.96875000000000000
emp,BGD,1960,17.85973358154300000
rgdpo,BGD,1970,100654.64843750000000000
emp,BGD,1970,20.20620727539060000
avh,BGD,1970,2520.86007346031000000
rgdpo,BGD,1980,106203.64843750000000000
emp,BGD,1980,24.07730293273930000
avh,BGD,1980,2519.26013246900000000
rgdpo,BGD,1990,158010.23437500000000000
emp,BGD,1990,32.14781570434570000
avh,BGD,1990,2413.83360941046000000
rgdpo,BGD,2000,194089.12500000000000000
emp,BGD,2000,41.53954315185550000
avh,BGD,2000,2560.82716280636000000
rgdpo,BGD,2010,391208.56250000000000000
emp,BGD,2010,54.43599700927730000
avh,BGD,2010,2577.61601989015000000
rgdpo,BGD,2019,759551.93750000000000000
emp,BGD,2019,65.53406524658200000
avh,BGD,2019,2418.88269322362000000
rgdpo,BGR,1970,38661.32421875000000000
emp,BGR,1970,4.33926391601563000
rgdpo,BGR,1980,74674.94531250000000000
emp,BGR,1980,4.41230106353760000
rgdpo,BGR,1990,106439.00000000000000000
emp,BGR,1990,4.09679985046387000
rgdpo,BGR,2000,79604.02343750000000000
emp,BGR,2000,3.03881978988647000
avh,BGR,2000,1640.25376636206000000
rgdpo,BGR,2010,123582.98437500000000000
emp,BGR,2010,3.25347542762756000
avh,BGR,2010,1644.83793900480000000
rgdpo,BGR,2019,149373.15625000000000000
emp,BGR,2019,3.42041850090027000
avh,BGR,2019,1645.24646392610000000
rgdpo,BHR,1970,4635.01416015625000000
emp,BHR,1970,0.05030142515897750
rgdpo,BHR,1980,9491.74609375000000000
emp,BHR,1980,0.11936211585998500
rgdpo,BHR,1990,7896.64355468750000000
emp,BHR,1990,0.17720264196395900
rgdpo,BHR,2000,18456.04492187500000000
emp,BHR,2000,0.24797882139682800
rgdpo,BHR,2010,57749.60546875000000000
emp,BHR,2010,0.59144246578216600
rgdpo,BHR,2019,77062.10156250000000000
emp,BHR,2019,0.74366360902786300
rgdpo,BHS,1970,4767.12158203125000000
rgdpo,BHS,1980,6073.93408203125000000
emp,BHS,1980,0.07158590853214260
rgdpo,BHS,1990,7544.51269531250000000
emp,BHS,1990,0.11340465396642700
rgdpo,BHS,2000,10634.10156250000000000
emp,BHS,2000,0.14912873506546000
rgdpo,BHS,2010,11732.66503906250000000
emp,BHS,2010,0.16845510900020600
rgdpo,BHS,2019,12880.32812500000000000
emp,BHS,2019,0.20731556415557900
rgdpo,BIH,1990,4715.13427734375000000
emp,BIH,1990,1.68987882137299000
rgdpo,BIH,2000,24712.36328125000000000
emp,BIH,2000,0.64330375194549600
rgdpo,BIH,2010,37825.78906250000000000
emp,BIH,2010,0.64835596084594700
rgdpo,BIH,2019,45519.39453125000000000
emp,BIH,2019,0.69026356935501100
rgdpo,BLR,1990,145443.54687500000000000
emp,BLR,1990,5.12582063674927000
rgdpo,BLR,2000,97634.82031250000000000
emp,BLR,2000,4.37210941314697000
rgdpo,BLR,2010,177298.06250000000000000
emp,BLR,2010,4.57667160034180000
rgdpo,BLR,2019,204734.53125000000000000
emp,BLR,2019,4.30644178390503000
rgdpo,BLZ,1970,487.28009033203100000
rgdpo,BLZ,1980,762.93865966796900000
emp,BLZ,1980,0.04157815501093860
rgdpo,BLZ,1990,1349.09082031250000000
emp,BLZ,1990,0.05838315933942790
rgdpo,BLZ,2000,1615.19079589844000000
emp,BLZ,2000,0.08190069347620010
rgdpo,BLZ,2010,2510.35522460938000000
emp,BLZ,2010,0.12022498250007600
rgdpo,BLZ,2019,2186.10034179688000000
emp,BLZ,2019,0.15851847827434500
rgdpo,BMU,1970,10806.72265625000000000
rgdpo,BMU,1980,14864.28125000000000000
rgdpo,BMU,1990,16850.43554687500000000
emp,BMU,1990,0.03484463691711430
rgdpo,BMU,2000,10145.16699218750000000
emp,BMU,2000,0.03689999878406520
rgdpo,BMU,2010,4456.47167968750000000
emp,BMU,2010,0.03641069307923320
rgdpo,BMU,2019,3138.29833984375000000
emp,BMU,2019,0.03420729562640190
rgdpo,BOL,1960,6939.78857421875000000
emp,BOL,1960,1.54679167270660000
rgdpo,BOL,1970,9393.69628906250000000
emp,BOL,1970,1.78012406826019000
rgdpo,BOL,1980,13809.78906250000000000
emp,BOL,1980,2.20312738418579000
rgdpo,BOL,1990,16027.40039062500000000
emp,BOL,1990,2.89039945602417000
rgdpo,BOL,2000,27483.78320312500000000
emp,BOL,2000,3.67149639129639000
rgdpo,BOL,2010,52743.54296875000000000
emp,BOL,2010,4.44462585449219000
rgdpo,BOL,2019,98838.71875000000000000
emp,BOL,2019,5.54382562637329000
rgdpo,BRA,1960,166534.23437500000000000
emp,BRA,1960,22.57844161987300000
avh,BRA,1960,2134.00000000000000000
rgdpo,BRA,1970,354415.84375000000000000
emp,BRA,1970,29.11733055114750000
avh,BRA,1970,2145.00000000000000000
rgdpo,BRA,1980,709288.00000000000000000
emp,BRA,1980,43.31060028076170000
avh,BRA,1980,1985.00000000000000000
rgdpo,BRA,1990,954536.31250000000000000
emp,BRA,1990,61.63193130493160000
avh,BRA,1990,1879.00000000000000000
rgdpo,BRA,2000,1653511.62500000000000000
emp,BRA,2000,68.13045501708980000
avh,BRA,2000,1837.92704997124000000
rgdpo,BRA,2010,2938061.75000000000000000
emp,BRA,2010,86.35382843017580000
avh,BRA,2010,1761.34574713873000000
rgdpo,BRA,2019,3080006.25000000000000000
emp,BRA,2019,93.95682525634770000
avh,BRA,2019,1707.79505786682000000
rgdpo,BRB,1960,2172.33081054688000000
emp,BRB,1960,0.07753770798444750
rgdpo,BRB,1970,3682.42138671875000000
emp,BRB,1970,0.07967923581600190
rgdpo,BRB,1980,3225.43579101563000000
emp,BRB,1980,0.09929999709129330
rgdpo,BRB,1990,4122.66845703125000000
emp,BRB,1990,0.10520000010728800
rgdpo,BRB,2000,6402.28222656250000000
emp,BRB,2000,0.12899999320507000
rgdpo,BRB,2010,4743.39941406250000000
emp,BRB,2010,0.12700000405311600
rgdpo,BRB,2019,3502.85327148438000000
emp,BRB,2019,0.13225862383842500
rgdpo,BRN,1970,8939.93457031250000000
rgdpo,BRN,1980,19848.16015625000000000
emp,BRN,1980,0.06565165519714360
rgdpo,BRN,1990,15687.98242187500000000
emp,BRN,1990,0.10213702172040900
rgdpo,BRN,2000,20156.36914062500000000
emp,BRN,2000,0.14236378669738800
rgdpo,BRN,2010,31852.83593750000000000
emp,BRN,2010,0.17904566228389700
rgdpo,BRN,2019,31728.35742187500000000
emp,BRN,2019,0.22235803306102800
rgdpo,BTN,1970,591.24481201171900000
rgdpo,BTN,1980,848.50280761718800000
emp,BTN,1980,0.16409718990325900
rgdpo,BTN,1990,1568.93481445313000000
emp,BTN,1990,0.19899989664554600
rgdpo,BTN,2000,2616.88159179688000000
emp,BTN,2000,0.22349943220615400
rgdpo,BTN,2010,6100.52148437500000000
emp,BTN,2010,0.26891934871673600
rgdpo,BTN,2019,8985.57617187500000000
emp,BTN,2019,0.32046073675155600
rgdpo,BWA,1960,273.98275756835900000
emp,BWA,1960,0.17231920361518900
rgdpo,BWA,1970,519.69274902343800000
emp,BWA,1970,0.19708921015262600
rgdpo,BWA,1980,2331.99023437500000000
emp,BWA,1980,0.28662809729576100
rgdpo,BWA,1990,9269.88671875000000000
emp,BWA,1990,0.42610907554626500
rgdpo,BWA,2000,18178.06054687500000000
emp,BWA,2000,0.60218083858490000
rgdpo,BWA,2010,28860.63867187500000000
emp,BWA,2010,0.77409672737121600
rgdpo,BWA,2019,37965.77343750000000000
emp,BWA,2019,0.92159581184387200
rgdpo,CAF,1960,2239.85815429688000000
rgdpo,CAF,1970,2834.11328125000000000
rgdpo,CAF,1980,2506.43701171875000000
emp,CAF,1980,0.87921172380447400
rgdpo,CAF,1990,3391.14672851563000000
emp,CAF,1990,1.10399115085602000
rgdpo,CAF,2000,3778.31030273438000000
emp,CAF,2000,1.43566250801086000
rgdpo,CAF,2010,4916.22119140625000000
emp,CAF,2010,1.71106851100922000
rgdpo,CAF,2019,4641.81347656250000000
emp,CAF,2019,1.84432792663574000
rgdpo,CAN,1960,276293.84375000000000000
emp,CAN,1960,6.62917184829712000
avh,CAN,1960,2090.80586844667000000
rgdpo,CAN,1970,458775.06250000000000000
emp,CAN,1970,8.15579032897949000
avh,CAN,1970,1925.00000000000000000
rgdpo,CAN,1980,687792.87500000000000000
emp,CAN,1980,11.08069038391110000
avh,CAN,1980,1827.00000000000000000
rgdpo,CAN,1990,941306.43750000000000000
emp,CAN,1990,13.29020023345950000
avh,CAN,1990,1795.29275976099000000
rgdpo,CAN,2000,1284446.50000000000000000
emp,CAN,2000,14.95276641845700000
avh,CAN,2000,1786.18636748860000000
rgdpo,CAN,2010,1558461.62500000000000000
emp,CAN,2010,17.29539871215820000
avh,CAN,2010,1714.20844500680000000
rgdpo,CAN,2019,1865833.37500000000000000
emp,CAN,2019,19.29866218566890000
avh,CAN,2019,1689.28093285823000000
rgdpo,CHE,1960,122343.02343750000000000
emp,CHE,1960,2.73865294456482000
avh,CHE,1960,1964.82753909606000000
rgdpo,CHE,1970,195546.64062500000000000
emp,CHE,1970,3.16901183128357000
avh,CHE,1970,1993.08471696344000000
rgdpo,CHE,1980,221670.92187500000000000
emp,CHE,1980,3.21181750297546000
avh,CHE,1980,1821.83959805182000000
rgdpo,CHE,1990,281153.50000000000000000
emp,CHE,1990,3.83272409439087000
avh,CHE,1990,1716.22087515004000000
rgdpo,CHE,2000,338538.15625000000000000
emp,CHE,2000,3.92828226089478000
avh,CHE,2000,1712.74308206048000000
rgdpo,CHE,2010,505370.03125000000000000
emp,CHE,2010,4.38947868347168000
avh,CHE,2010,1624.34638188442000000
rgdpo,CHE,2019,646801.37500000000000000
emp,CHE,2019,5.01120471954346000
avh,CHE,2019,1556.88284435749000000
rgdpo,CHL,1960,41015.78906250000000000
emp,CHL,1960,2.32403373718262000
avh,CHL,1960,2408.38144329897000000
rgdpo,CHL,1970,66719.75781250000000000
emp,CHL,1970,2.69278645515442000
avh,CHL,1970,2160.38969072165000000
rgdpo,CHL,1980,83429.40625000000000000
emp,CHL,1980,3.16192245483398000
avh,CHL,1980,2317.76907216495000000
rgdpo,CHL,1990,106362.65625000000000000
emp,CHL,1990,4.32258939743042000
avh,CHL,1990,2408.38144329897000000
rgdpo,CHL,2000,179407.09375000000000000
emp,CHL,2000,5.53660535812378000
avh,CHL,2000,2263.00000000000000000
rgdpo,CHL,2010,342190.87500000000000000
emp,CHL,2010,6.88919830322266000
avh,CHL,2010,2070.00000000000000000
rgdpo,CHL,2019,440685.28125000000000000
emp,CHL,2019,8.10007190704346000
avh,CHL,2019,1914.40000000000000000
rgdpo,CHN,1960,652488.43750000000000000
emp,CHN,1960,295.65933227539100000
rgdpo,CHN,1970,1069586.37500000000000000
emp,CHN,1970,360.95639038085900000
avh,CHN,1970,1976.31198565754000000
rgdpo,CHN,1980,1678260.62500000000000000
emp,CHN,1980,484.66885375976600000
avh,CHN,1980,1971.49673892565000000
rgdpo,CHN,1990,2856112.25000000000000000
emp,CHN,1990,660.47650146484400000
avh,CHN,1990,1975.35399295742000000
rgdpo,CHN,2000,5419636.50000000000000000
emp,CHN,2000,735.72314453125000000
avh,CHN,2000,2090.47531061941000000
rgdpo,CHN,2010,13846498.00000000000000000
emp,CHN,2010,781.03552246093800000
avh,CHN,2010,2172.71018311543000000
rgdpo,CHN,2019,20256792.00000000000000000
emp,CHN,2019,798.80773925781300000
avh,CHN,2019,2168.91884848016000000
rgdpo,CIV,1960,5841.98876953125000000
emp,CIV,1960,1.21996498107910000
rgdpo,CIV,1970,13400.87792968750000000
emp,CIV,1970,1.81926655769348000
rgdpo,CIV,1980,21427.60156250000000000
emp,CIV,1980,2.72893309593201000
rgdpo,CIV,1990,28963.97265625000000000
emp,CIV,1990,3.82912373542786000
rgdpo,CIV,2000,37214.51171875000000000
emp,CIV,2000,5.42804527282715000
rgdpo,CIV,2010,57428.10546875000000000
emp,CIV,2010,5.85376405715942000
rgdpo,CIV,2019,129520.68750000000000000
emp,CIV,2019,7.51022386550903000
rgdpo,CMR,1960,8538.17578125000000000
emp,CMR,1960,2.51434779167175000
rgdpo,CMR,1970,11402.83496093750000000
emp,CMR,1970,2.82830476760864000
rgdpo,CMR,1980,20713.75976562500000000
emp,CMR,1980,3.65277051925659000
rgdpo,CMR,1990,31033.77148437500000000
emp,CMR,1990,4.80207061767578000
rgdpo,CMR,2000,41473.80859375000000000
emp,CMR,2000,5.76512002944946000
rgdpo,CMR,2010,59721.67968750000000000
emp,CMR,2010,8.52764225006104000
rgdpo,CMR,2019,94487.46093750000000000
emp,CMR,2019,10.36527633666990000
rgdpo,COD,1960,45538.73046875000000000
emp,COD,1960,5.79709434509277000
rgdpo,COD,1970,57613.27734375000000000
emp,COD,1970,7.40591955184937000
rgdpo,COD,1980,57594.41406250000000000
emp,COD,1980,9.23970317840576000
rgdpo,COD,1990,51507.32812500000000000
emp,COD,1990,11.59498977661130000
rgdpo,COD,2000,25659.33203125000000000
emp,COD,2000,15.91768741607670000
rgdpo,COD,2010,45984.88671875000000000
emp,COD,2010,19.69971656799320000
rgdpo,COD,2019,88689.44531250000000000
emp,COD,2019,25.13993072509770000
rgdpo,COG,1960,2149.43847656250000000
emp,COG,1960,0.35811433196067800
rgdpo,COG,1970,3963.42285156250000000
emp,COG,1970,0.43580919504165600
rgdpo,COG,1980,6846.73730468750000000
emp,COG,1980,0.56909525394439700
rgdpo,COG,1990,7118.52001953125000000
emp,COG,1990,0.74952858686447100
rgdpo,COG,2000,9092.90527343750000000
emp,COG,2000,1.02989971637726000
rgdpo,COG,2010,24703.42382812500000000
emp,COG,2010,1.47612166404724000
rgdpo,COG,2019,25052.67773437500000000
emp,COG,2019,2.01545786857605000
rgdpo,COL,1960,61966.63671875000000000
emp,COL,1960,4.09365797042847000
avh,COL,1960,2218.00000000000000000
rgdpo,COL,1970,103977.69531250000000000
emp,COL,1970,5.53469944000244000
avh,COL,1970,2170.00000000000000000
rgdpo,COL,1980,209882.25000000000000000
emp,COL,1980,7.78116416931152000
avh,COL,1980,2074.00000000000000000
rgdpo,COL,1990,252387.76562500000000000
emp,COL,1990,10.50545310974120000
avh,COL,1990,1969.00000000000000000
rgdpo,COL,2000,307528.53125000000000000
emp,COL,2000,14.23712253570560000
avh,COL,2000,1956.00000000000000000
rgdpo,COL,2010,540653.18750000000000000
emp,COL,2010,18.89134407043460000
avh,COL,2010,2045.43461211512000000
rgdpo,COL,2019,707561.68750000000000000
emp,COL,2019,21.19960784912110000
avh,COL,2019,1968.36726179570000000
rgdpo,COM,1960,363.82675170898400000
rgdpo,COM,1970,804.16973876953100000
rgdpo,COM,1980,1313.09326171875000000
emp,COM,1980,0.06695877015590670
rgdpo,COM,1990,1669.29406738281000000
emp,COM,1990,0.09010133892297740
rgdpo,COM,2000,1600.31225585938000000
emp,COM,2000,0.12166550755500800
rgdpo,COM,2010,1726.11462402344000000
emp,COM,2010,0.15757590532302900
rgdpo,COM,2019,2729.82031250000000000
emp,COM,2019,0.20138838887214700
rgdpo,CPV,1960,247.13459777832000000
rgdpo,CPV,1970,459.36468505859400000
rgdpo,CPV,1980,516.73376464843800000
emp,CPV,1980,0.09357121586799620
rgdpo,CPV,1990,794.19354248046900000
emp,CPV,1990,0.11066478490829500
rgdpo,CPV,2000,1707.35766601563000000
emp,CPV,2000,0.14180000126361800
rgdpo,CPV,2010,3228.27441406250000000
emp,CPV,2010,0.17730000615119900
rgdpo,CPV,2019,3995.47485351563000000
emp,CPV,2019,0.21216657757759100
rgdpo,CRI,1960,6887.08935546875000000
emp,CRI,1960,0.36358872056007400
rgdpo,CRI,1970,12164.81152343750000000
emp,CRI,1970,0.50984764099121100
rgdpo,CRI,1980,20815.82031250000000000
emp,CRI,1980,0.75451081991195700
rgdpo,CRI,1990,26679.48242187500000000
emp,CRI,1990,1.08485734462738000
avh,CRI,1990,2363.53946236309000000
rgdpo,CRI,2000,41656.21875000000000000
emp,CRI,2000,1.49447655677795000
avh,CRI,2000,2367.58439431980000000
rgdpo,CRI,2010,62817.03906250000000000
emp,CRI,2010,1.94077551364899000
avh,CRI,2010,2249.26597942745000000
rgdpo,CRI,2019,93471.10156250000000000
emp,CRI,2019,2.25635552406311000
avh,CRI,2019,2069.24545655368000000
rgdpo,CUW,2010,3784.63232421875000000
emp,CUW,2010,0.06072877719998360
rgdpo,CUW,2019,3457.22778320313000000
emp,CUW,2019,0.06095062941312790
rgdpo,CYM,1970,338.80020141601600000
rgdpo,CYM,1980,835.89117431640600000
rgdpo,CYM,1990,2370.16992187500000000
rgdpo,CYM,2000,3525.33813476563000000
emp,CYM,2000,0.02700855024158950
rgdpo,CYM,2010,3772.89721679688000000
emp,CYM,2010,0.03671224042773250
rgdpo,CYM,2019,3998.28955078125000000
emp,CYM,2019,0.04508733749389650
rgdpo,CYP,1960,2432.67114257813000000
emp,CYP,1960,0.13590052723884600
rgdpo,CYP,1970,5110.24169921875000000
emp,CYP,1970,0.15106888115406000
rgdpo,CYP,1980,7733.47753906250000000
emp,CYP,1980,0.16682121157646200
rgdpo,CYP,1990,13050.05175781250000000
emp,CYP,1990,0.22693464159965500
rgdpo,CYP,2000,19111.00195312500000000
emp,CYP,2000,0.26772981882095300
avh,CYP,2000,1926.39153640869000000
rgdpo,CYP,2010,26408.33007812500000000
emp,CYP,2010,0.34566709399223300
avh,CYP,2010,1844.99679913330000000
rgdpo,CYP,2019,28032.46093750000000000
emp,CYP,2019,0.36656716465950000
avh,CYP,2019,1805.23978482317000000
rgdpo,CZE,1990,250478.53125000000000000
emp,CZE,1990,5.41425228118896000
rgdpo,CZE,2000,231387.78125000000000000
emp,CZE,2000,4.88687229156494000
avh,CZE,2000,1895.56215453127000000
rgdpo,CZE,2010,318708.96875000000000000
emp,CZE,2010,5.09899091720581000
avh,CZE,2010,1799.50051806914000000
rgdpo,CZE,2019,400833.18750000000000000
emp,CZE,2019,5.48143243789673000
avh,CZE,2019,1787.54340166384000000
rgdpo,DEU,1960,816488.00000000000000000
emp,DEU,1960,37.44638442993160000
avh,DEU,1960,2181.88667177432000000
rgdpo,DEU,1970,1239415.00000000000000000
emp,DEU,1970,38.09579849243160000
avh,DEU,1970,1973.20902540530000000
rgdpo,DEU,1980,1724593.00000000000000000
emp,DEU,1980,38.70497131347660000
avh,DEU,1980,1756.72374726295000000
rgdpo,DEU,1990,2220630.25000000000000000
emp,DEU,1990,39.54772949218750000
avh,DEU,1990,1583.15823711075000000
rgdpo,DEU,2000,3034345.00000000000000000
emp,DEU,2000,39.60311508178710000
avh,DEU,2000,1465.93780490856000000
rgdpo,DEU,2010,3671042.25000000000000000
emp,DEU,2010,40.63188171386720000
avh,DEU,2010,1425.74546871955000000
rgdpo,DEU,2019,4273390.50000000000000000
emp,DEU,2019,44.79519653320310000
avh,DEU,2019,1386.19683437970000000
rgdpo,DJI,1970,1459.86950683594000000
rgdpo,DJI,1980,1832.63281250000000000
emp,DJI,1980,0.10603690892458000
rgdpo,DJI,1990,1665.46923828125000000
emp,DJI,1990,0.18372239172458600
rgdpo,DJI,2000,2082.98608398438000000
emp,DJI,2000,0.23511630296707200
rgdpo,DJI,2010,2564.78417968750000000
emp,DJI,2010,0.30764520168304400
rgdpo,DJI,2019,5964.00097656250000000
emp,DJI,2019,0.37246787548065200
rgdpo,DMA,1970,342.69992065429700000
rgdpo,DMA,1980,457.90173339843800000
rgdpo,DMA,1990,677.84973144531300000
emp,DMA,1990,0.02398721687495710
rgdpo,DMA,2000,651.13311767578100000
emp,DMA,2000,0.02467199042439460
rgdpo,DMA,2010,710.75018310546900000
rgdpo,DMA,2019,741.24951171875000000
rgdpo,DNK,1960,62166.33984375000000000
emp,DNK,1960,2.11165714263916000
avh,DNK,1960,1909.46823638276000000
rgdpo,DNK,1970,97974.89843750000000000
emp,DNK,1970,2.42261266708374000
avh,DNK,1970,1845.34983707599000000
rgdpo,DNK,1980,122824.15625000000000000
emp,DNK,1980,2.51569080352783000
avh,DNK,1980,1577.43595044608000000
rgdpo,DNK,1990,142960.29687500000000000
emp,DNK,1990,2.63417220115662000
avh,DNK,1990,1440.49975513365000000
rgdpo,DNK,2000,199704.48437500000000000
emp,DNK,2000,2.75595617294312000
avh,DNK,2000,1465.93724479611000000
rgdpo,DNK,2010,271306.78125000000000000
emp,DNK,2010,2.79145050048828000
avh,DNK,2010,1422.30635684719000000
rgdpo,DNK,2019,311719.37500000000000000
emp,DNK,2019,2.97183656692505000
avh,DNK,2019,1380.60764340558000000
rgdpo,DOM,1960,10632.15625000000000000
emp,DOM,1960,0.74494314193725600
rgdpo,DOM,1970,13962.48828125000000000
emp,DOM,1970,1.11722826957703000
rgdpo,DOM,1980,23781.64843750000000000
emp,DOM,1980,1.56915009021759000
rgdpo,DOM,1990,36449.89843750000000000
emp,DOM,1990,2.10593771934509000
avh,DOM,1990,2171.70245935725000000
rgdpo,DOM,2000,71085.36718750000000000
emp,DOM,2000,2.99944281578064000
avh,DOM,2000,2206.56689528768000000
rgdpo,DOM,2010,126965.69531250000000000
emp,DOM,2010,3.89701652526855000
avh,DOM,2010,2114.76685914120000000
rgdpo,DOM,2019,192491.17187500000000000
emp,DOM,2019,5.12667942047119000
avh,DOM,2019,2142.10201024009000000
rgdpo,DZA,1960,122690.28125000000000000
emp,DZA,1960,1.95811164379120000
rgdpo,DZA,1970,112505.85937500000000000
emp,DZA,1970,2.09037041664124000
rgdpo,DZA,1980,235488.51562500000000000
emp,DZA,1980,3.32509708404541000
rgdpo,DZA,1990,250353.31250000000000000
emp,DZA,1990,4.82034921646118000
rgdpo,DZA,2000,301165.65625000000000000
emp,DZA,2000,6.34788322448730000
rgdpo,DZA,2010,532626.81250000000000000
emp,DZA,2010,9.78185176849365000
rgdpo,DZA,2019,507351.18750000000000000
emp,DZA,2019,11.27345371246340000
rgdpo,ECU,1960,19697.12304687500000000
emp,ECU,1960,1.31365501880646000
rgdpo,ECU,1970,31611.89062500000000000
emp,ECU,1970,1.65749907493591000
rgdpo,ECU,1980,63243.45312500000000000
emp,ECU,1980,2.37348961830139000
rgdpo,ECU,1990,63280.29296875000000000
emp,ECU,1990,3.33644104003906000
rgdpo,ECU,2000,69892.07812500000000000
emp,ECU,2000,4.59304237365723000
avh,ECU,2000,1800.22634179496000000
rgdpo,ECU,2010,148754.92187500000000000
emp,ECU,2010,6.73341846466064000
avh,ECU,2010,1719.46293360590000000
rgdpo,ECU,2019,195225.90625000000000000
emp,ECU,2019,8.24667072296143000
avh,ECU,2019,1551.64280948966000000
rgdpo,EGY,1960,21165.64453125000000000
emp,EGY,1960,6.74466419219971000
rgdpo,EGY,1970,42557.41406250000000000
emp,EGY,1970,7.66141033172607000
rgdpo,EGY,1980,65113.75390625000000000
emp,EGY,1980,10.40370368957520000
rgdpo,EGY,1990,132646.06250000000000000
emp,EGY,1990,12.96166992187500000
rgdpo,EGY,2000,372320.06250000000000000
emp,EGY,2000,17.06581306457520000
rgdpo,EGY,2010,862331.12500000000000000
emp,EGY,2010,22.84291458129880000
rgdpo,EGY,2019,1210758.12500000000000000
emp,EGY,2019,26.79464721679690000
rgdpo,ESP,1960,195126.73437500000000000
emp,ESP,1960,12.35408115386960000
avh,ESP,1960,2130.37402835247000000
rgdpo,ESP,1970,400118.50000000000000000
emp,ESP,1970,13.45123004913330000
avh,ESP,1970,1996.72045686796000000
rgdpo,ESP,1980,606668.62500000000000000
emp,ESP,1980,12.72400379180910000
avh,ESP,1980,1918.12243888401000000
rgdpo,ESP,1990,728235.75000000000000000
emp,ESP,1990,14.03933429718020000
avh,ESP,1990,1746.52839962172000000
rgdpo,ESP,2000,1151317.50000000000000000
emp,ESP,2000,16.60574150085450000
avh,ESP,2000,1752.82075838745000000
rgdpo,ESP,2010,1621938.87500000000000000
emp,ESP,2010,19.41273880004880000
avh,ESP,2010,1705.77553458184000000
rgdpo,ESP,2019,1886185.75000000000000000
emp,ESP,2019,19.87201309204100000
avh,ESP,2019,1685.95150557715000000
rgdpo,EST,1990,19392.29687500000000000
emp,EST,1990,0.82864212989807100
rgdpo,EST,2000,18192.42968750000000000
emp,EST,2000,0.59983533620834400
avh,EST,2000,1977.87288569964000000
rgdpo,EST,2010,31754.81250000000000000
emp,EST,2010,0.56112116575241100
avh,EST,2010,1874.70169677066000000
rgdpo,EST,2019,44849.89843750000000000
emp,EST,2019,0.67297554016113300
avh,EST,2019,1797.21453550251000000
rgdpo,ETH,1960,12500.72753906250000000
emp,ETH,1960,9.22394943237305000
rgdpo,ETH,1970,18536.93750000000000000
emp,ETH,1970,11.66653633117680000
rgdpo,ETH,1980,25595.39843750000000000
emp,ETH,1980,15.69096088409420000
rgdpo,ETH,1990,39342.68750000000000000
emp,ETH,1990,21.50634384155270000
rgdpo,ETH,2000,39296.72656250000000000
emp,ETH,2000,27.90951156616210000
rgdpo,ETH,2010,101263.46093750000000000
emp,ETH,2010,38.59825515747070000
rgdpo,ETH,2019,304954.34375000000000000
emp,ETH,2019,58.06097030639650000
rgdpo,FIN,1960,44097.35937500000000000
emp,FIN,1960,2.20509338378906000
avh,FIN,1960,2030.51921633019000000
rgdpo,FIN,1970,72661.47656250000000000
emp,FIN,1970,2.28586792945862000
avh,FIN,1970,1979.93688709776000000
rgdpo,FIN,1980,101895.20312500000000000
emp,FIN,1980,2.36439990997314000
avh,FIN,1980,1790.00889792805000000
rgdpo,FIN,1990,137318.46875000000000000
emp,FIN,1990,2.47324681282043000
avh,FIN,1990,1726.42197374818000000
rgdpo,FIN,2000,186445.54687500000000000
emp,FIN,2000,2.30501818656921000
avh,FIN,2000,1704.71345334377000000
rgdpo,FIN,2010,233168.73437500000000000
emp,FIN,2010,2.49583029747009000
avh,FIN,2010,1637.91237423337000000
rgdpo,FIN,2019,248472.46875000000000000
emp,FIN,2019,2.67370533943176000
avh,FIN,2019,1590.69453809845000000
rgdpo,FJI,1960,1226.65368652344000000
rgdpo,FJI,1970,2200.97534179688000000
rgdpo,FJI,1980,4077.80737304688000000
emp,FJI,1980,0.20716476440429700
rgdpo,FJI,1990,5056.31640625000000000
emp,FJI,1990,0.25507864356041000
rgdpo,FJI,2000,5427.53564453125000000
emp,FJI,2000,0.29001942276954700
rgdpo,FJI,2010,7452.02636718750000000
emp,FJI,2010,0.28231719136238100
rgdpo,FJI,2019,12231.25097656250000000
emp,FJI,2019,0.30824753642082200
rgdpo,FRA,1960,518929.59375000000000000
emp,FRA,1960,20.16827201843260000
avh,FRA,1960,2188.47714980400000000
rgdpo,FRA,1970,905610.06250000000000000
emp,FRA,1970,21.33231353759770000
avh,FRA,1970,1992.50797522987000000
rgdpo,FRA,1980,1377535.00000000000000000
emp,FRA,1980,22.66217041015630000
avh,FRA,1980,1806.13378384347000000
rgdpo,FRA,1990,1580602.62500000000000000
emp,FRA,1990,23.65950393676760000
avh,FRA,1990,1644.85066858497000000
rgdpo,FRA,2000,2128049.75000000000000000
emp,FRA,2000,25.62522506713870000
avh,FRA,2000,1558.33880165612000000
rgdpo,FRA,2010,2590802.75000000000000000
emp,FRA,2010,26.87616157531740000
avh,FRA,2010,1539.80306190866000000
rgdpo,FRA,2019,2946007.00000000000000000
emp,FRA,2019,28.53256416320800000
avh,FRA,2019,1504.91235283781000000
rgdpo,GAB,1960,1972.17089843750000000
emp,GAB,1960,0.18075206875801100
rgdpo,GAB,1970,4773.42041015625000000
emp,GAB,1970,0.20378097891807600
rgdpo,GAB,1980,10615.95605468750000000
emp,GAB,1980,0.23657406866550400
rgdpo,GAB,1990,11319.84765625000000000
emp,GAB,1990,0.28737592697143600
rgdpo,GAB,2000,14042.38281250000000000
emp,GAB,2000,0.36775246262550400
rgdpo,GAB,2010,22432.96093750000000000
emp,GAB,2010,0.45581999421119700
rgdpo,GAB,2019,33658.21093750000000000
emp,GAB,2019,0.65801066160202000
rgdpo,GBR,1960,694437.06250000000000000
emp,GBR,1960,24.13194847106930000
avh,GBR,1960,2103.58365834968000000
rgdpo,GBR,1970,928006.75000000000000000
emp,GBR,1970,24.70074653625490000
avh,GBR,1970,1870.89440712384000000
rgdpo,GBR,1980,1246289.75000000000000000
emp,GBR,1980,25.03955268859860000
avh,GBR,1980,1785.39638248044000000
rgdpo,GBR,1990,1445079.25000000000000000
emp,GBR,1990,26.70350074768070000
avh,GBR,1990,1745.94408522119000000
rgdpo,GBR,2000,2074500.62500000000000000
emp,GBR,2000,27.38034820556640000
avh,GBR,2000,1692.95395419070000000
rgdpo,GBR,2010,2481088.00000000000000000
emp,GBR,2010,29.42511749267580000
avh,GBR,2010,1643.20782797612000000
rgdpo,GBR,2019,2988899.75000000000000000
emp,GBR,2019,32.98249816894530000
avh,GBR,2019,1667.94771142193000000
rgdpo,GEO,1990,63655.53515625000000000
emp,GEO,1990,2.86163878440857000
rgdpo,GEO,2000,16707.47656250000000000
emp,GEO,2000,1.66444957256317000
rgdpo,GEO,2010,36522.46875000000000000
emp,GEO,2010,1.36233174800873000
rgdpo,GEO,2019,68135.72656250000000000
emp,GEO,2019,1.37207722663879000
rgdpo,GHA,1960,31377.11328125000000000
emp,GHA,1960,2.47216463088989000
rgdpo,GHA,1970,39522.78515625000000000
emp,GHA,1970,3.02290296554565000
rgdpo,GHA,1980,38968.42187500000000000
emp,GHA,1980,4.52261495590210000
rgdpo,GHA,1990,43272.92578125000000000
emp,GHA,1990,6.31170511245728000
rgdpo,GHA,2000,66854.40625000000000000
emp,GHA,2000,7.16722488403320000
rgdpo,GHA,2010,108138.85937500000000000
emp,GHA,2010,10.33951187133790000
rgdpo,GHA,2019,163165.43750000000000000
emp,GHA,2019,13.22072410583500000
rgdpo,GIN,1960,11783.41699218750000000
rgdpo,GIN,1970,12476.55468750000000000
rgdpo,GIN,1980,16908.44531250000000000
emp,GIN,1980,1.84530985355377000
rgdpo,GIN,1990,21948.77148437500000000
emp,GIN,1990,2.35855770111084000
rgdpo,GIN,2000,22987.70507812500000000
emp,GIN,2000,2.96928524971008000
rgdpo,GIN,2010,20594.84375000000000000
emp,GIN,2010,3.63262391090393000
rgdpo,GIN,2019,29199.46093750000000000
emp,GIN,2019,4.67997503280640000
rgdpo,GMB,1960,949.75427246093800000
rgdpo,GMB,1970,1439.55029296875000000
rgdpo,GMB,1980,1841.18420410156000000
emp,GMB,1980,0.24379335343837700
rgdpo,GMB,1990,2750.62768554688000000
emp,GMB,1990,0.35846796631813000
rgdpo,GMB,2000,3839.40014648438000000
emp,GMB,2000,0.44552153348922700
rgdpo,GMB,2010,5301.45117187500000000
emp,GMB,2010,0.52800768613815300
rgdpo,GMB,2019,5655.01074218750000000
emp,GMB,2019,0.68857157230377200
rgdpo,GNB,1960,600.13214111328100000
rgdpo,GNB,1970,898.44812011718800000
rgdpo,GNB,1980,1130.49670410156000000
emp,GNB,1980,0.30192124843597400
rgdpo,GNB,1990,1656.01489257813000000
emp,GNB,1990,0.37255340814590500
rgdpo,GNB,2000,2128.50170898438000000
emp,GNB,2000,0.46039736270904500
rgdpo,GNB,2010,2264.19042968750000000
emp,GNB,2010,0.60274380445480300
rgdpo,GNB,2019,3553.81030273438000000
emp,GNB,2019,0.77993935346603400
rgdpo,GNQ,1960,322.27072143554700000
rgdpo,GNQ,1970,581.66076660156300000
rgdpo,GNQ,1980,743.78021240234400000
emp,GNQ,1980,0.07085400074720380
rgdpo,GNQ,1990,1043.08459472656000000
emp,GNQ,1990,0.13399180769920300
rgdpo,GNQ,2000,6114.05029296875000000
emp,GNQ,2000,0.19836139678955100
rgdpo,GNQ,2010,36067.94140625000000000
emp,GNQ,2010,0.33440071344375600
rgdpo,GNQ,2019,33486.05859375000000000
emp,GNQ,2019,0.49565461277961700
rgdpo,GRC,1960,44964.90625000000000000
emp,GRC,1960,3.60847616195679000
avh,GRC,1960,2227.89257632670000000
rgdpo,GRC,1970,99266.24218750000000000
emp,GRC,1970,3.33947968482971000
avh,GRC,1970,2098.64272760233000000
rgdpo,GRC,1980,151882.81250000000000000
emp,GRC,1980,3.62433052062988000
avh,GRC,1980,2111.69922138275000000
rgdpo,GRC,1990,181502.12500000000000000
emp,GRC,1990,4.06255435943604000
avh,GRC,1990,2111.62291707557000000
rgdpo,GRC,2000,280937.37500000000000000
emp,GRC,2000,4.45240259170532000
avh,GRC,2000,2107.63844286413000000
rgdpo,GRC,2010,324320.71875000000000000
emp,GRC,2010,4.63715410232544000
avh,GRC,2010,2019.57079830326000000
rgdpo,GRC,2019,284822.93750000000000000
emp,GRC,2019,4.23507261276245000
avh,GRC,2019,2036.46352067030000000
rgdpo,GRD,1970,211.11553955078100000
rgdpo,GRD,1980,354.26562500000000000
rgdpo,GRD,1990,531.15478515625000000
emp,GRD,1990,0.02815152890980240
rgdpo,GRD,2000,813.58416748046900000
emp,GRD,2000,0.03804622218012810
rgdpo,GRD,2010,1120.14587402344000000
emp,GRD,2010,0.05464126169681550
rgdpo,GRD,2019,1721.47607421875000000
emp,GRD,2019,0.06359576433897020
rgdpo,GTM,1960,10406.46191406250000000
emp,GTM,1960,1.39788198471069000
rgdpo,GTM,1970,17158.18164062500000000
emp,GTM,1970,1.76396226882935000
rgdpo,GTM,1980,29461.92382812500000000
emp,GTM,1980,2.62447905540466000
rgdpo,GTM,1990,37127.80468750000000000
emp,GTM,1990,3.11910915374756000
rgdpo,GTM,2000,62939.93359375000000000
emp,GTM,2000,3.94714069366455000
rgdpo,GTM,2010,101552.21875000000000000
emp,GTM,2010,5.21325063705444000
rgdpo,GTM,2019,136601.43750000000000000
emp,GTM,2019,7.09337329864502000
rgdpo,GUY,1970,2695.67431640625000000
rgdpo,GUY,1980,3356.83325195313000000
emp,GUY,1980,0.23127672076225300
rgdpo,GUY,1990,2320.17407226563000000
emp,GUY,1990,0.24120381474494900
rgdpo,GUY,2000,3499.05834960938000000
emp,GUY,2000,0.23974439501762400
rgdpo,GUY,2010,6782.47119140625000000
emp,GUY,2010,0.24300271272659300
rgdpo,GUY,2019,10180.79882812500000000
emp,GUY,2019,0.25711554288864100
rgdpo,HKG,1960,17933.89453125000000000
emp,HKG,1960,1.10783755779266000
avh,HKG,1960,2723.59091967314000000
rgdpo,HKG,1970,40288.00000000000000000
emp,HKG,1970,1.54139626026154000
avh,HKG,1970,2528.31492948665000000
rgdpo,HKG,1980,94755.70312500000000000
emp,HKG,1980,2.25394606590271000
avh,HKG,1980,2477.28901872659000000
rgdpo,HKG,1990,187019.54687500000000000
emp,HKG,1990,2.73075985908508000
avh,HKG,1990,2278.52184934495000000
rgdpo,HKG,2000,291676.40625000000000000
emp,HKG,2000,3.20262169837952000
avh,HKG,2000,2330.66707633014000000
rgdpo,HKG,2010,385302.84375000000000000
emp,HKG,2010,3.49387335777283000
avh,HKG,2010,2302.08001851443000000
rgdpo,HKG,2019,407229.09375000000000000
emp,HKG,2019,3.86381030082703000
avh,HKG,2019,2147.57436171632000000
rgdpo,HND,1960,4307.18164062500000000
rgdpo,HND,1970,6634.15429687500000000
emp,HND,1970,0.76334255933761600
rgdpo,HND,1980,11269.17480468750000000
emp,HND,1980,1.03354609012604000
rgdpo,HND,1990,16122.22851562500000000
emp,HND,1990,1.44370949268341000
rgdpo,HND,2000,23282.75390625000000000
emp,HND,2000,2.29565191268921000
rgdpo,HND,2010,34198.73828125000000000
emp,HND,2010,3.10660004615784000
rgdpo,HND,2019,52897.48437500000000000
emp,HND,2019,3.83340001106262000
rgdpo,HRV,1990,65504.67968750000000000
emp,HRV,1990,2.17813229560852000
rgdpo,HRV,2000,59432.52734375000000000
emp,HRV,2000,1.67029082775116000
avh,HRV,2000,1922.08853560977000000
rgdpo,HRV,2010,93619.90625000000000000
emp,HRV,2010,1.81475949287415000
avh,HRV,2010,1942.98815280180000000
rgdpo,HRV,2019,107327.27343750000000000
emp,HRV,2019,1.81762433052063000
avh,HRV,2019,1831.32341007765000000
rgdpo,HTI,1960,5630.63720703125000000
rgdpo,HTI,1970,6347.40039062500000000
emp,HTI,1970,1.92860007286072000
rgdpo,HTI,1980,11028.15039062500000000
emp,HTI,1980,1.95360004901886000
rgdpo,HTI,1990,10491.91699218750000000
emp,HTI,1990,2.33949995040894000
rgdpo,HTI,2000,18411.62890625000000000
emp,HTI,2000,2.98565459251404000
rgdpo,HTI,2010,18171.57226562500000000
emp,HTI,2010,3.71206593513489000
rgdpo,HTI,2019,17496.07812500000000000
emp,HTI,2019,4.53467750549316000
rgdpo,HUN,1970,61934.78125000000000000
emp,HUN,1970,5.29866504669189000
rgdpo,HUN,1980,126237.26562500000000000
emp,HUN,1980,5.43816423416138000
avh,HUN,1980,2130.57631252440000000
rgdpo,HUN,1990,147323.37500000000000000
emp,HUN,1990,5.12638139724731000
avh,HUN,1990,1888.77435180490000000
rgdpo,HUN,2000,169071.40625000000000000
emp,HUN,2000,4.12050151824951000
avh,HUN,2000,1932.40204868046000000
rgdpo,HUN,2010,236251.09375000000000000
emp,HUN,2010,3.92093825340271000
avh,HUN,2010,1766.35687026284000000
rgdpo,HUN,2019,282939.46875000000000000
emp,HUN,2019,4.71157693862915000
avh,HUN,2019,1725.22796480691000000
rgdpo,IDN,1960,131127.01562500000000000
emp,IDN,1960,28.49895286560060000
rgdpo,IDN,1970,151535.10937500000000000
emp,IDN,1970,34.02201843261720000
avh,IDN,1970,1893.49520960022000000
rgdpo,IDN,1980,356583.12500000000000000
emp,IDN,1980,45.51061630249020000
avh,IDN,1980,2005.73302253159000000
rgdpo,IDN,1990,625975.00000000000000000
emp,IDN,1990,73.69100952148440000
avh,IDN,1990,1909.30214737919000000
rgdpo,IDN,2000,794026.37500000000000000
emp,IDN,2000,91.54851531982420000
avh,IDN,2000,1979.11568990850000000
rgdpo,IDN,2010,1977653.12500000000000000
emp,IDN,2010,108.15474700927700000
avh,IDN,2010,2066.00066002697000000
rgdpo,IDN,2019,3138225.50000000000000000
emp,IDN,2019,131.17068481445300000
avh,IDN,2019,2019.92339539505000000
rgdpo,IND,1960,521539.50000000000000000
emp,IND,1960,179.37460327148400000
rgdpo,IND,1970,796337.50000000000000000
emp,IND,1970,195.35998535156300000
avh,IND,1970,2077.33082405017000000
rgdpo,IND,1980,916114.18750000000000000
emp,IND,1980,264.70666503906300000
avh,IND,1980,2064.02791377430000000
rgdpo,IND,1990,1249036.00000000000000000
emp,IND,1990,345.38699340820300000
avh,IND,1990,2078.47948648748000000
rgdpo,IND,2000,2258881.75000000000000000
emp,IND,2000,409.24859619140600000
avh,IND,2000,2086.62839114097000000
rgdpo,IND,2010,5622569.50000000000000000
emp,IND,2010,467.41250610351600000
avh,IND,2010,2110.39267590654000000
rgdpo,IND,2019,9172057.00000000000000000
emp,IND,2019,497.61572265625000000
avh,IND,2019,2122.94068248459000000
rgdpo,IRL,1960,18696.56640625000000000
emp,IRL,1960,1.08934044837952000
avh,IRL,1960,2303.62199554120000000
rgdpo,IRL,1970,27083.97656250000000000
emp,IRL,1970,1.08727538585663000
avh,IRL,1970,2333.73514122421000000
rgdpo,IRL,1980,47601.96093750000000000
emp,IRL,1980,1.20495045185089000
avh,IRL,1980,2122.10060145846000000
rgdpo,IRL,1990,66843.30468750000000000
emp,IRL,1990,1.21543323993683000
avh,IRL,1990,2080.24457381630000000
rgdpo,IRL,2000,150348.76562500000000000
emp,IRL,2000,1.68873858451843000
avh,IRL,2000,1932.72378818257000000
rgdpo,IRL,2010,241296.59375000000000000
emp,IRL,2010,1.88317596912384000
avh,IRL,2010,1720.97381659398000000
rgdpo,IRL,2019,501064.21875000000000000
emp,IRL,2019,2.26044774055481000
avh,IRL,2019,1771.97794230727000000
rgdpo,IRN,1960,86270.11718750000000000
emp,IRN,1960,5.78416872024536000
rgdpo,IRN,1970,216227.39062500000000000
emp,IRN,1970,7.26778793334961000
rgdpo,IRN,1980,158602.82812500000000000
emp,IRN,1980,9.44700145721436000
rgdpo,IRN,1990,185567.10937500000000000
emp,IRN,1990,12.30265903472900000
rgdpo,IRN,2000,540846.62500000000000000
emp,IRN,2000,16.87523078918460000
rgdpo,IRN,2010,1409903.25000000000000000
emp,IRN,2010,20.67433166503910000
rgdpo,IRN,2019,1097723.75000000000000000
emp,IRN,2019,24.59481048583980000
rgdpo,IRQ,1970,46765.91406250000000000
emp,IRQ,1970,2.21306920051575000
rgdpo,IRQ,1980,131362.26562500000000000
emp,IRQ,1980,2.89408016204834000
rgdpo,IRQ,1990,125437.60156250000000000
emp,IRQ,1990,3.47462797164917000
rgdpo,IRQ,2000,178313.50000000000000000
emp,IRQ,2000,4.96646976470947000
rgdpo,IRQ,2010,389732.06250000000000000
emp,IRQ,2010,6.41054248809814000
rgdpo,IRQ,2019,468576.90625000000000000
emp,IRQ,2019,8.77213954925537000
rgdpo,ISL,1960,2240.76489257813000000
emp,ISL,1960,0.07059565186500550
rgdpo,ISL,1970,3599.55761718750000000
emp,ISL,1970,0.09007287770509720
avh,ISL,1970,1953.15283062540000000
rgdpo,ISL,1980,6760.56884765625000000
emp,ISL,1980,0.11699976772069900
avh,ISL,1980,1687.02279722653000000
rgdpo,ISL,1990,8656.04589843750000000
emp,ISL,1990,0.13807441294193300
avh,ISL,1990,1664.40163730950000000
rgdpo,ISL,2000,11067.56542968750000000
emp,ISL,2000,0.15708552300930000
avh,ISL,2000,1695.38496755558000000
rgdpo,ISL,2010,13880.55761718750000000
emp,ISL,2010,0.16444227099418600
avh,ISL,2010,1503.05147058824000000
rgdpo,ISL,2019,17968.84570312500000000
emp,ISL,2019,0.19233807921409600
avh,ISL,2019,1454.49482503696000000
rgdpo,ISR,1960,19290.94335937500000000
emp,ISR,1960,0.79808825254440300
rgdpo,ISR,1970,42221.28515625000000000
emp,ISR,1970,1.09256458282471000
rgdpo,ISR,1980,69540.87500000000000000
emp,ISR,1980,1.45370578765869000
rgdpo,ISR,1990,105176.75000000000000000
emp,ISR,1990,1.73520207405090000
avh,ISR,1990,1904.34166878924000000
rgdpo,ISR,2000,209989.62500000000000000
emp,ISR,2000,2.62785315513611000
avh,ISR,2000,2034.74208909033000000
rgdpo,ISR,2010,240017.20312500000000000
emp,ISR,2010,3.38055443763733000
avh,ISR,2010,1956.26718555072000000
rgdpo,ISR,2019,328416.59375000000000000
emp,ISR,2019,4.22871017456055000
avh,ISR,2019,1900.87477881961000000
rgdpo,ITA,1960,379568.87500000000000000
emp,ITA,1960,20.93560409545900000
avh,ITA,1960,2164.71370352677000000
rgdpo,ITA,1970,697566.50000000000000000
emp,ITA,1970,19.94159889221190000
avh,ITA,1970,2034.74233301229000000
rgdpo,ITA,1980,1236154.00000000000000000
emp,ITA,1980,21.40202331542970000
avh,ITA,1980,1849.26105848210000000
rgdpo,ITA,1990,1540973.37500000000000000
emp,ITA,1990,22.80319786071780000
avh,ITA,1990,1856.40135855818000000
rgdpo,ITA,2000,2046202.25000000000000000
emp,ITA,2000,22.91796875000000000
avh,ITA,2000,1850.19797121840000000
rgdpo,ITA,2010,2292611.25000000000000000
emp,ITA,2010,24.79245376586910000
avh,ITA,2010,1776.77324596091000000
rgdpo,ITA,2019,2465939.50000000000000000
emp,ITA,2019,25.59632873535160000
avh,ITA,2019,1717.83381765276000000
rgdpo,JAM,1960,8694.39941406250000000
emp,JAM,1960,0.55503755807876600
rgdpo,JAM,1970,13435.85156250000000000
emp,JAM,1970,0.61428862810134900
rgdpo,JAM,1980,10281.54199218750000000
emp,JAM,1980,0.69849997758865400
rgdpo,JAM,1990,12782.93652343750000000
emp,JAM,1990,0.89630007743835400
avh,JAM,1990,1938.22278556300000000
rgdpo,JAM,2000,15563.55859375000000000
emp,JAM,2000,0.93349999189376800
avh,JAM,2000,1963.44926830631000000
rgdpo,JAM,2010,21168.03710937500000000
emp,JAM,2010,1.09490001201630000
rgdpo,JAM,2019,24862.39257812500000000
emp,JAM,2019,1.24489998817444000
rgdpo,JOR,1960,2942.12988281250000000
emp,JOR,1960,0.20240181684494000
rgdpo,JOR,1970,5340.11718750000000000
emp,JOR,1970,0.34909620881080600
rgdpo,JOR,1980,10110.85351562500000000
emp,JOR,1980,0.41794723272323600
rgdpo,JOR,1990,13673.51464843750000000
emp,JOR,1990,0.69946742057800300
rgdpo,JOR,2000,19765.80468750000000000
emp,JOR,2000,1.22628080844879000
rgdpo,JOR,2010,77047.75781250000000000
emp,JOR,2010,1.81489539146423000
rgdpo,JOR,2019,108945.75000000000000000
emp,JOR,2019,2.45928978919983000
rgdpo,JPN,1960,517809.59375000000000000
emp,JPN,1960,47.91057968139650000
avh,JPN,1960,2172.89893267914000000
rgdpo,JPN,1970,1366272.75000000000000000
emp,JPN,1970,55.01724243164060000
avh,JPN,1970,2137.21731639745000000
rgdpo,JPN,1980,2456278.75000000000000000
emp,JPN,1980,59.46901702880860000
avh,JPN,1980,2073.94376055755000000
rgdpo,JPN,1990,3657952.50000000000000000
emp,JPN,1990,65.10401916503910000
avh,JPN,1990,2028.41875000000000000
rgdpo,JPN,2000,4834201.00000000000000000
emp,JPN,2000,65.91550445556640000
avh,JPN,2000,1858.50000000000000000
rgdpo,JPN,2010,5113679.50000000000000000
emp,JPN,2010,66.01461791992190000
avh,JPN,2010,1779.30000000000000000
rgdpo,JPN,2019,5035847.50000000000000000
emp,JPN,2019,69.97669219970700000
avh,JPN,2019,1691.08525950385000000
rgdpo,KAZ,1990,201469.75000000000000000
emp,KAZ,1990,7.55623054504395000
rgdpo,KAZ,2000,93198.12500000000000000
emp,KAZ,2000,6.03436660766602000
rgdpo,KAZ,2010,331907.96875000000000000
emp,KAZ,2010,7.89601135253906000
rgdpo,KAZ,2019,525062.12500000000000000
emp,KAZ,2019,8.82071304321289000
rgdpo,KEN,1960,14252.68066406250000000
emp,KEN,1960,3.57470798492432000
rgdpo,KEN,1970,20259.94531250000000000
emp,KEN,1970,4.65792369842529000
rgdpo,KEN,1980,36548.71875000000000000
emp,KEN,1980,6.53710603713989000
rgdpo,KEN,1990,54918.92968750000000000
emp,KEN,1990,9.06492805480957000
rgdpo,KEN,2000,68728.71093750000000000
emp,KEN,2000,13.85789108276370000
rgdpo,KEN,2010,109634.92968750000000000
emp,KEN,2010,17.69448661804200000
rgdpo,KEN,2019,222737.12500000000000000
emp,KEN,2019,25.07402229309080000
rgdpo,KGZ,1990,36262.58203125000000000
emp,KGZ,1990,1.74289727210999000
rgdpo,KGZ,2000,11204.97558593750000000
emp,KGZ,2000,1.80263614654541000
rgdpo,KGZ,2010,19828.76757812500000000
emp,KGZ,2010,2.30061125755310000
rgdpo,KGZ,2019,39352.39062500000000000
emp,KGZ,2019,2.67062807083130000
rgdpo,KHM,1970,12698.09082031250000000
emp,KHM,1970,2.89667224884033000
rgdpo,KHM,1980,5988.48828125000000000
emp,KHM,1980,2.93304443359375000
rgdpo,KHM,1990,10108.62500000000000000
emp,KHM,1990,3.70709538459778000
rgdpo,KHM,2000,16984.59765625000000000
emp,KHM,2000,5.22639036178589000
avh,KHM,2000,2296.89080399973000000
rgdpo,KHM,2010,35351.30859375000000000
emp,KHM,2010,7.58764886856079000
avh,KHM,2010,2390.16200061907000000
rgdpo,KHM,2019,74169.62500000000000000
emp,KHM,2019,8.73146343231201000
avh,KHM,2019,2474.91189335301000000
rgdpo,KNA,1970,199.41232299804700000
rgdpo,KNA,1980,360.54547119140600000
emp,KNA,1980,0.01470000017434360
rgdpo,KNA,1990,511.90414428710900000
emp,KNA,1990,0.01645975187420850
rgdpo,KNA,2000,817.15289306640600000
emp,KNA,2000,0.01625301875174050
rgdpo,KNA,2010,997.25994873046900000
rgdpo,KNA,2019,1210.34387207031000000
rgdpo,KOR,1960,31080.90429687500000000
emp,KOR,1960,6.77946805953979000
avh,KOR,1960,2748.84246781438000000
rgdpo,KOR,1970,71165.66406250000000000
emp,KOR,1970,9.65664768218994000
avh,KOR,1970,2918.92744374977000000
rgdpo,KOR,1980,205962.17187500000000000
emp,KOR,1980,13.73045825958250000
avh,KOR,1980,2860.94201390371000000
rgdpo,KOR,1990,592997.37500000000000000
emp,KOR,1990,18.20608329772950000
avh,KOR,1990,2674.14167989537000000
rgdpo,KOR,2000,1176427.75000000000000000
emp,KOR,2000,21.44112396240230000
avh,KOR,2000,2509.31785577026000000
rgdpo,KOR,2010,1779743.00000000000000000
emp,KOR,2010,24.02872085571290000
avh,KOR,2010,2153.41324772810000000
rgdpo,KOR,2019,2162341.00000000000000000
emp,KOR,2019,26.79853439331050000
avh,KOR,2019,1979.52625757352000000
rgdpo,KWT,1970,105458.78906250000000000
emp,KWT,1970,0.23587690293788900
rgdpo,KWT,1980,88137.53906250000000000
emp,KWT,1980,0.48649922013282800
rgdpo,KWT,1990,46866.75781250000000000
emp,KWT,1990,0.89923697710037200
rgdpo,KWT,2000,91491.75000000000000000
emp,KWT,2000,0.90021377801895100
rgdpo,KWT,2010,233045.40625000000000000
emp,KWT,2010,1.71499812602997000
rgdpo,KWT,2019,261050.56250000000000000
emp,KWT,2019,2.37254023551941000
rgdpo,LAO,1970,2081.98461914063000000
rgdpo,LAO,1980,2978.09643554688000000
emp,LAO,1980,1.47735559940338000
rgdpo,LAO,1990,6010.32910156250000000
emp,LAO,1990,1.91548979282379000
rgdpo,LAO,2000,10485.75292968750000000
emp,LAO,2000,2.49976420402527000
rgdpo,LAO,2010,27932.66796875000000000
emp,LAO,2010,3.11657714843750000
rgdpo,LAO,2019,54376.09765625000000000
emp,LAO,2019,3.61881804466248000
rgdpo,LBN,1970,17407.85351562500000000
emp,LBN,1970,0.44676733016967800
rgdpo,LBN,1980,16664.24023437500000000
emp,LBN,1980,0.52518022060394300
rgdpo,LBN,1990,13524.63085937500000000
emp,LBN,1990,0.62792932987213100
rgdpo,LBN,2000,21307.01367187500000000
emp,LBN,2000,0.99838656187057500
rgdpo,LBN,2010,87047.46093750000000000
emp,LBN,2010,1.43062591552734000
rgdpo,LBN,2019,101066.29687500000000000
emp,LBN,2019,2.00189828872681000
rgdpo,LBR,1970,2944.66406250000000000
rgdpo,LBR,1980,3931.62866210938000000
emp,LBR,1980,0.56202632188797000
rgdpo,LBR,1990,1881.68542480469000000
emp,LBR,1990,0.62465149164199800
rgdpo,LBR,2000,2833.48266601563000000
emp,LBR,2000,0.87490004301071200
rgdpo,LBR,2010,3419.45849609375000000
emp,LBR,2010,1.31666696071625000
rgdpo,LBR,2019,6210.20214843750000000
emp,LBR,2019,1.91860759258270000
rgdpo,LCA,1970,529.61450195312500000
emp,LCA,1970,0.03136706352233890
rgdpo,LCA,1980,977.67401123046900000
emp,LCA,1980,0.03553074225783350
rgdpo,LCA,1990,1399.00549316406000000
emp,LCA,1990,0.04942547529935840
rgdpo,LCA,2000,1485.01733398438000000
emp,LCA,2000,0.06350000202655790
rgdpo,LCA,2010,1918.45812988281000000
emp,LCA,2010,0.07032723724842070
rgdpo,LCA,2019,2602.84326171875000000
emp,LCA,2019,0.08370000123977660
rgdpo,LKA,1960,29129.50585937500000000
emp,LKA,1960,3.07862615585327000
rgdpo,LKA,1970,41313.20312500000000000
emp,LKA,1970,3.79211235046387000
avh,LKA,1970,1895.51467289940000000
rgdpo,LKA,1980,38542.86718750000000000
emp,LKA,1980,4.46664905548096000
avh,LKA,1980,1960.85108876962000000
rgdpo,LKA,1990,58173.82421875000000000
emp,LKA,1990,5.04270553588867000
avh,LKA,1990,1982.90163129557000000
rgdpo,LKA,2000,92236.44531250000000000
emp,LKA,2000,6.30462980270386000
avh,LKA,2000,2000.73961844768000000
rgdpo,LKA,2010,186438.01562500000000000
emp,LKA,2010,7.70044088363647000
avh,LKA,2010,1872.33610513091000000
rgdpo,LKA,2019,283363.56250000000000000
emp,LKA,2019,8.18049621582031000
avh,LKA,2019,1922.51318106001000000
rgdpo,LSO,1960,844.95953369140600000
rgdpo,LSO,1970,1475.22119140625000000
rgdpo,LSO,1980,2765.07788085938000000
emp,LSO,1980,0.48438444733619700
rgdpo,LSO,1990,4094.06860351563000000
emp,LSO,1990,0.59225565195083600
rgdpo,LSO,2000,4985.12207031250000000
emp,LSO,2000,0.62073922157287600
rgdpo,LSO,2010,5369.55615234375000000
emp,LSO,2010,0.60094714164733900
rgdpo,LSO,2019,5722.45800781250000000
emp,LSO,2019,0.66679817438125600
rgdpo,LTU,1990,54290.93750000000000000
emp,LTU,1990,1.70560574531555000
rgdpo,LTU,2000,42395.50390625000000000
emp,LTU,2000,1.40124833583832000
avh,LTU,2000,1846.22746017339000000
rgdpo,LTU,2010,65505.53125000000000000
emp,LTU,2010,1.25991594791412000
avh,LTU,2010,1921.48934465631000000
rgdpo,LTU,2019,89603.63281250000000000
emp,LTU,2019,1.37952864170074000
avh,LTU,2019,1886.08447373354000000
rgdpo,LUX,1960,5803.36474609375000000
emp,LUX,1960,0.13330486416816700
rgdpo,LUX,1970,8023.02099609375000000
emp,LUX,1970,0.14158591628074600
avh,LUX,1970,1845.83371328728000000
rgdpo,LUX,1980,10229.66894531250000000
emp,LUX,1980,0.15937352180481000
avh,LUX,1980,1682.29918004229000000
rgdpo,LUX,1990,14860.82910156250000000
emp,LUX,1990,0.18804526329040500
avh,LUX,1990,1633.94451812110000000
rgdpo,LUX,2000,29022.11523437500000000
emp,LUX,2000,0.26316165924072300
avh,LUX,2000,1602.21548949063000000
rgdpo,LUX,2010,34405.26171875000000000
emp,LUX,2010,0.35917413234710700
avh,LUX,2010,1516.49794192902000000
rgdpo,LUX,2019,55633.29687500000000000
emp,LUX,2019,0.46066284179687500
avh,LUX,2019,1505.55854209225000000
rgdpo,LVA,1990,44774.25390625000000000
emp,LVA,1990,1.25425291061401000
rgdpo,LVA,2000,28247.24414062500000000
emp,LVA,2000,0.93001860380172700
avh,LVA,2000,1975.79490954758000000
rgdpo,LVA,2010,40933.30078125000000000
emp,LVA,2010,0.85193765163421600
avh,LVA,2010,1935.13532738201000000
rgdpo,LVA,2019,56046.82421875000000000
emp,LVA,2019,0.89658874273300200
avh,LVA,2019,1864.97582124396000000
rgdpo,MAC,1970,1565.71276855469000000
rgdpo,MAC,1980,3554.47412109375000000
emp,MAC,1980,0.11349204182624800
rgdpo,MAC,1990,8851.87207031250000000
emp,MAC,1990,0.16329999268055000
rgdpo,MAC,2000,13481.86328125000000000
emp,MAC,2000,0.19529999792575800
rgdpo,MAC,2010,56312.66406250000000000
emp,MAC,2010,0.31830000877380400
rgdpo,MAC,2019,59745.64453125000000000
emp,MAC,2019,0.38780000805854800
rgdpo,MAR,1960,17480.35156250000000000
emp,MAR,1960,3.01441955566406000
rgdpo,MAR,1970,35347.04687500000000000
emp,MAR,1970,3.47494006156921000
rgdpo,MAR,1980,59015.90625000000000000
emp,MAR,1980,5.62929487228394000
rgdpo,MAR,1990,112760.86718750000000000
emp,MAR,1990,7.54895401000977000
rgdpo,MAR,2000,143508.78125000000000000
emp,MAR,2000,9.55563354492188000
rgdpo,MAR,2010,223063.39062500000000000
emp,MAR,2010,10.91179466247560000
rgdpo,MAR,2019,288928.37500000000000000
emp,MAR,2019,11.52229785919190000
rgdpo,MDA,1990,27603.00000000000000000
emp,MDA,1990,2.05759739875793000
rgdpo,MDA,2000,10908.42773437500000000
emp,MDA,2000,1.51620101928711000
rgdpo,MDA,2010,20955.11328125000000000
emp,MDA,2010,1.24581539630890000
rgdpo,MDA,2019,38148.12109375000000000
emp,MDA,2019,1.42887794971466000
rgdpo,MDG,1960,8573.84375000000000000
emp,MDG,1960,2.59313058853149000
rgdpo,MDG,1970,12300.32910156250000000
emp,MDG,1970,3.11700534820557000
rgdpo,MDG,1980,13480.78417968750000000
emp,MDG,1980,4.02325105667114000
rgdpo,MDG,1990,16514.56250000000000000
emp,MDG,1990,5.15133142471313000
rgdpo,MDG,2000,20014.42578125000000000
emp,MDG,2000,7.08096361160278000
rgdpo,MDG,2010,34948.77734375000000000
emp,MDG,2010,10.33178806304930000
rgdpo,MDG,2019,41510.69140625000000000
emp,MDG,2019,13.94478034973140000
rgdpo,MDV,1970,346.08779907226600000
rgdpo,MDV,1980,605.10205078125000000
emp,MDV,1980,0.04087542369961740
rgdpo,MDV,1990,1604.80236816406000000
emp,MDV,1990,0.05590000003576280
rgdpo,MDV,2000,2621.30053710938000000
emp,MDV,2000,0.08619999885559080
rgdpo,MDV,2010,5252.98388671875000000
emp,MDV,2010,0.11979590356349900
rgdpo,MDV,2019,10295.08593750000000000
emp,MDV,2019,0.18943481147289300
rgdpo,MEX,1960,251277.75000000000000000
emp,MEX,1960,8.97828292846680000
avh,MEX,1960,2270.62007874016000000
rgdpo,MEX,1970,472672.96875000000000000
emp,MEX,1970,12.02433395385740000
avh,MEX,1970,2181.90748031496000000
rgdpo,MEX,1980,957099.06250000000000000
emp,MEX,1980,20.24237632751460000
avh,MEX,1980,2166.06594488189000000
rgdpo,MEX,1990,1039261.50000000000000000
emp,MEX,1990,28.22274971008300000
avh,MEX,1990,2175.57086614173000000
rgdpo,MEX,2000,1468331.25000000000000000
emp,MEX,2000,37.87933349609380000
avh,MEX,2000,2174.00000000000000000
rgdpo,MEX,2010,1924805.00000000000000000
emp,MEX,2010,46.12162017822270000
avh,MEX,2010,2150.00000000000000000
rgdpo,MEX,2019,2389933.25000000000000000
emp,MEX,2019,54.99359512329100000
avh,MEX,2019,2137.00000000000000000
rgdpo,MKD,1990,13040.24316406250000000
emp,MKD,1990,0.95885515213012700
rgdpo,MKD,2000,16300.42773437500000000
emp,MKD,2000,0.59793746471405000
rgdpo,MKD,2010,26224.05078125000000000
emp,MKD,2010,0.68433499336242700
rgdpo,MKD,2019,32860.66015625000000000
emp,MKD,2019,0.85866969823837300
rgdpo,MLI,1960,3744.04321289063000000
emp,MLI,1960,1.60959494113922000
rgdpo,MLI,1970,3926.61914062500000000
emp,MLI,1970,1.93909955024719000
rgdpo,MLI,1980,5061.55957031250000000
emp,MLI,1980,2.25198054313660000
rgdpo,MLI,1990,6335.12841796875000000
emp,MLI,1990,2.56481027603149000
rgdpo,MLI,2000,15115.67480468750000000
emp,MLI,2000,3.30847001075745000
rgdpo,MLI,2010,30364.80664062500000000
emp,MLI,2010,4.46530008316040000
rgdpo,MLI,2019,48081.87109375000000000
emp,MLI,2019,6.15009164810181000
rgdpo,MLT,1960,282.77206420898400000
emp,MLT,1960,0.08803794533014300
rgdpo,MLT,1970,1129.69812011719000000
emp,MLT,1970,0.09590462595224380
rgdpo,MLT,1980,3660.17822265625000000
emp,MLT,1980,0.10845261812210100
rgdpo,MLT,1990,5457.77441406250000000
emp,MLT,1990,0.13275061547756200
rgdpo,MLT,2000,10039.78417968750000000
emp,MLT,2000,0.14693802595138500
avh,MLT,2000,2251.18169398907000000
rgdpo,MLT,2010,11154.07226562500000000
emp,MLT,2010,0.16280584037303900
avh,MLT,2010,2110.20208803956000000
rgdpo,MLT,2019,17093.77539062500000000
emp,MLT,2019,0.22019051015377000
avh,MLT,2019,1915.41671682517000000
rgdpo,MMR,1970,20739.21093750000000000
emp,MMR,1970,10.37144565582280000
avh,MMR,1970,2446.71585410172000000
rgdpo,MMR,1980,29310.68359375000000000
emp,MMR,1980,13.20800018310550000
avh,MMR,1980,2437.94035550694000000
rgdpo,MMR,1990,31515.04492187500000000
emp,MMR,1990,15.22099971771240000
avh,MMR,1990,2439.51075289691000000
rgdpo,MMR,2000,52476.11718750000000000
emp,MMR,2000,18.96418952941890000
avh,MMR,2000,2444.77492648356000000
rgdpo,MMR,2010,186161.14062500000000000
emp,MMR,2010,20.49962806701660000
avh,MMR,2010,2442.78464424057000000
rgdpo,MMR,2019,278480.87500000000000000
emp,MMR,2019,22.10930824279790000
avh,MMR,2019,2447.05765949370000000
rgdpo,MNE,1990,7366.01269531250000000
emp,MNE,1990,0.17482486367225600
rgdpo,MNE,2000,5449.21386718750000000
emp,MNE,2000,0.17675265669822700
rgdpo,MNE,2010,10522.05859375000000000
emp,MNE,2010,0.20820002257823900
rgdpo,MNE,2019,13708.91699218750000000
emp,MNE,2019,0.24379999935627000
rgdpo,MNG,1970,1762.70629882813000000
rgdpo,MNG,1980,3290.88403320313000000
emp,MNG,1980,0.55329996347427400
rgdpo,MNG,1990,8310.73828125000000000
emp,MNG,1990,0.70184695720672600
rgdpo,MNG,2000,7701.78076171875000000
emp,MNG,2000,0.82276505231857300
rgdpo,MNG,2010,23811.08984375000000000
emp,MNG,2010,1.17469990253448000
rgdpo,MNG,2019,38373.14843750000000000
emp,MNG,2019,1.37653481960297000
rgdpo,MOZ,1960,4775.53564453125000000
emp,MOZ,1960,2.26173186302185000
rgdpo,MOZ,1970,6877.91796875000000000
emp,MOZ,1970,2.72335791587830000
rgdpo,MOZ,1980,9710.78125000000000000
emp,MOZ,1980,4.31161594390869000
rgdpo,MOZ,1990,9274.25390625000000000
emp,MOZ,1990,5.48626184463501000
rgdpo,MOZ,2000,15179.54101562500000000
emp,MOZ,2000,6.91015481948853000
rgdpo,MOZ,2010,28870.57421875000000000
emp,MOZ,2010,8.55030822753906000
rgdpo,MOZ,2019,37302.73828125000000000
emp,MOZ,2019,11.01795768737790000
rgdpo,MRT,1960,2005.27575683594000000
rgdpo,MRT,1970,4609.39746093750000000
rgdpo,MRT,1980,6019.90869140625000000
emp,MRT,1980,0.38654538989067100
rgdpo,MRT,1990,6568.08544921875000000
emp,MRT,1990,0.51893877983093300
rgdpo,MRT,2000,8380.58203125000000000
emp,MRT,2000,0.67569237947464000
rgdpo,MRT,2010,15609.68261718750000000
emp,MRT,2010,0.85304337739944500
rgdpo,MRT,2019,21160.60742187500000000
emp,MRT,2019,1.12906622886658000
rgdpo,MSR,1970,170.14903259277300000
rgdpo,MSR,1980,242.87265014648400000
emp,MSR,1980,0.00460000010207295
rgdpo,MSR,1990,471.17889404296900000
emp,MSR,1990,0.00466423714533448
rgdpo,MSR,2000,123.45638275146500000
emp,MSR,2000,0.00197130907326937
rgdpo,MSR,2010,108.86461639404300000
emp,MSR,2010,0.00251342239789665
rgdpo,MSR,2019,77.51666259765630000
emp,MSR,2019,0.00253660767339170
rgdpo,MUS,1960,2717.43750000000000000
emp,MUS,1960,0.16510960459709200
rgdpo,MUS,1970,4021.89721679688000000
emp,MUS,1970,0.19018307328224200
rgdpo,MUS,1980,6460.05566406250000000
emp,MUS,1980,0.27464631199836700
rgdpo,MUS,1990,12503.70996093750000000
emp,MUS,1990,0.40373700857162500
rgdpo,MUS,2000,19594.24804687500000000
emp,MUS,2000,0.46487200260162400
rgdpo,MUS,2010,21317.79492187500000000
emp,MUS,2010,0.52051484584808400
rgdpo,MUS,2019,29743.69335937500000000
emp,MUS,2019,0.58281147480011000
rgdpo,MWI,1960,3238.25024414063000000
emp,MWI,1960,1.41902279853821000
rgdpo,MWI,1970,5395.71386718750000000
emp,MWI,1970,1.73468923568726000
rgdpo,MWI,1980,7924.80078125000000000
emp,MWI,1980,2.59962821006775000
rgdpo,MWI,1990,9987.69726562500000000
emp,MWI,1990,3.87352442741394000
rgdpo,MWI,2000,10638.91210937500000000
emp,MWI,2000,4.34568309783936000
rgdpo,MWI,2010,16859.81835937500000000
emp,MWI,2010,5.93685579299927000
rgdpo,MWI,2019,21635.50390625000000000
emp,MWI,2019,7.95041799545288000
rgdpo,MYS,1960,22453.13671875000000000
emp,MYS,1960,2.75792908668518000
rgdpo,MYS,1970,41951.60156250000000000
emp,MYS,1970,3.55449604988098000
avh,MYS,1970,2229.75583472900000000
rgdpo,MYS,1980,102163.92968750000000000
emp,MYS,1980,4.89068984985352000
avh,MYS,1980,2237.15478204582000000
rgdpo,MYS,1990,168198.31250000000000000
emp,MYS,1990,6.83181476593018000
avh,MYS,1990,2240.68156614468000000
rgdpo,MYS,2000,310440.53125000000000000
emp,MYS,2000,9.37503147125244000
avh,MYS,2000,2247.29151897399000000
rgdpo,MYS,2010,561965.56250000000000000
emp,MYS,2010,12.03965187072750000
avh,MYS,2010,2227.76219683704000000
rgdpo,MYS,2019,822192.06250000000000000
emp,MYS,2019,15.11832332611080000
avh,MYS,2019,2197.05808637400000000
rgdpo,NAM,1960,2654.18164062500000000
emp,NAM,1960,0.17728200554847700
rgdpo,NAM,1970,4785.11132812500000000
emp,NAM,1970,0.24297972023487100
rgdpo,NAM,1980,6704.63427734375000000
emp,NAM,1980,0.26694783568382300
rgdpo,NAM,1990,7252.16992187500000000
emp,NAM,1990,0.38564532995224000
rgdpo,NAM,2000,11080.34179687500000000
emp,NAM,2000,0.40509879589080800
rgdpo,NAM,2010,19001.41601562500000000
emp,NAM,2010,0.58957457542419400
rgdpo,NAM,2019,23321.48828125000000000
emp,NAM,2019,0.74230700731277500
rgdpo,NER,1960,7322.49072265625000000
emp,NER,1960,1.63080060482025000
rgdpo,NER,1970,9582.11816406250000000
emp,NER,1970,1.97058701515198000
rgdpo,NER,1980,11707.74902343750000000
emp,NER,1980,2.54901647567749000
rgdpo,NER,1990,9713.41308593750000000
emp,NER,1990,3.32724571228027000
rgdpo,NER,2000,11749.50390625000000000
emp,NER,2000,4.80536270141602000
rgdpo,NER,2010,19601.47265625000000000
emp,NER,2010,6.84051227569580000
rgdpo,NER,2019,28226.27343750000000000
emp,NER,2019,8.86972713470459000
rgdpo,NGA,1960,83776.40625000000000000
emp,NGA,1960,16.08777236938480000
rgdpo,NGA,1970,162390.67187500000000000
emp,NGA,1970,21.71788406372070000
rgdpo,NGA,1980,353036.84375000000000000
emp,NGA,1980,27.04469108581540000
rgdpo,NGA,1990,92708.77343750000000000
emp,NGA,1990,29.96045684814450000
rgdpo,NGA,2000,115146.88281250000000000
emp,NGA,2000,38.33585739135740000
rgdpo,NGA,2010,798313.31250000000000000
emp,NGA,2010,52.21933364868160000
rgdpo,NGA,2019,1001651.68750000000000000
emp,NGA,2019,73.02055358886720000
rgdpo,NIC,1960,8489.86523437500000000
rgdpo,NIC,1970,16988.97265625000000000
rgdpo,NIC,1980,18551.23828125000000000
emp,NIC,1980,0.81800270080566400
rgdpo,NIC,1990,14762.47851562500000000
emp,NIC,1990,1.12240004539490000
rgdpo,NIC,2000,20443.17382812500000000
emp,NIC,2000,1.63709998130798000
rgdpo,NIC,2010,26009.46289062500000000
emp,NIC,2010,2.16139316558838000
rgdpo,NIC,2019,32881.30468750000000000
emp,NIC,2019,2.66245698928833000
rgdpo,NLD,1960,150221.23437500000000000
emp,NLD,1960,4.70931673049927000
avh,NLD,1960,1855.11979453100000000
rgdpo,NLD,1970,248137.82812500000000000
emp,NLD,1970,5.57836866378784000
avh,NLD,1970,1838.46424858958000000
rgdpo,NLD,1980,370209.53125000000000000
emp,NLD,1980,6.05134248733521000
avh,NLD,1980,1580.83821375445000000
rgdpo,NLD,1990,425379.75000000000000000
emp,NLD,1990,6.80782461166382000
avh,NLD,1990,1476.18519960370000000
rgdpo,NLD,2000,678509.18750000000000000
emp,NLD,2000,8.20334815979004000
avh,NLD,2000,1464.06144093624000000
rgdpo,NLD,2010,843106.31250000000000000
emp,NLD,2010,8.81467723846436000
avh,NLD,2010,1419.63344344458000000
rgdpo,NLD,2019,949689.62500000000000000
emp,NLD,2019,9.45690822601318000
avh,NLD,2019,1439.73151629073000000
rgdpo,NOR,1960,44569.42578125000000000
emp,NOR,1960,1.52887213230133000
avh,NOR,1960,2023.79217986671000000
rgdpo,NOR,1970,53457.96875000000000000
emp,NOR,1970,1.64008283615112000
avh,NOR,1970,1835.11744751664000000
rgdpo,NOR,1980,113452.24218750000000000
emp,NOR,1980,1.94821739196777000
avh,NOR,1980,1580.08213552361000000
rgdpo,NOR,1990,139163.51562500000000000
emp,NOR,1990,2.06056118011475000
avh,NOR,1990,1502.42954324587000000
rgdpo,NOR,2000,253685.06250000000000000
emp,NOR,2000,2.32404756546021000
avh,NOR,2000,1456.46551724138000000
rgdpo,NOR,2010,408099.78125000000000000
emp,NOR,2010,2.54492259025574000
avh,NOR,2010,1395.36709854731000000
rgdpo,NOR,2019,396235.46875000000000000
emp,NOR,2019,2.85366177558899000
avh,NOR,2019,1384.07329105004000000
rgdpo,NPL,1960,7744.88916015625000000
rgdpo,NPL,1970,10216.06347656250000000
rgdpo,NPL,1980,12077.40136718750000000
emp,NPL,1980,5.74590682983398000
rgdpo,NPL,1990,21512.10742187500000000
emp,NPL,1990,7.44132089614868000
rgdpo,NPL,2000,35563.92578125000000000
emp,NPL,2000,9.75513935089111000
rgdpo,NPL,2010,57221.73046875000000000
emp,NPL,2010,12.61968708038330000
rgdpo,NPL,2019,103879.87500000000000000
emp,NPL,2019,15.65270900726320000
rgdpo,NZL,1960,33937.66015625000000000
emp,NZL,1960,1.00845289230347000
rgdpo,NZL,1970,47658.48046875000000000
emp,NZL,1970,1.24424874782562000
avh,NZL,1970,1866.59287553387000000
rgdpo,NZL,1980,57398.43359375000000000
emp,NZL,1980,1.53604757785797000
avh,NZL,1980,1812.55278690248000000
rgdpo,NZL,1990,78282.51562500000000000
emp,NZL,1990,1.52131986618042000
avh,NZL,1990,1808.29438327887000000
rgdpo,NZL,2000,114185.54687500000000000
emp,NZL,2000,1.81842231750488000
avh,NZL,2000,1836.36225122568000000
rgdpo,NZL,2010,152529.75000000000000000
emp,NZL,2010,2.18693161010742000
avh,NZL,2010,1759.79012647398000000
rgdpo,NZL,2019,198608.53125000000000000
emp,NZL,2019,2.50608086585999000
avh,NZL,2019,1778.98443058943000000
rgdpo,OMN,1970,5173.22314453125000000
emp,OMN,1970,0.11016018688678700
rgdpo,OMN,1980,15355.59863281250000000
emp,OMN,1980,0.22569775581359900
rgdpo,OMN,1990,24781.30664062500000000
emp,OMN,1990,0.49439144134521500
rgdpo,OMN,2000,44617.08593750000000000
emp,OMN,2000,0.76046466827392600
rgdpo,OMN,2010,145850.82812500000000000
emp,OMN,2010,1.36120021343231000
rgdpo,OMN,2019,152823.48437500000000000
emp,OMN,2019,2.77946543693542000
rgdpo,PAK,1960,58363.49609375000000000
emp,PAK,1960,13.78809833526610000
rgdpo,PAK,1970,114715.86718750000000000
emp,PAK,1970,17.24810218811040000
avh,PAK,1970,2241.68159949725000000
rgdpo,PAK,1980,176925.85937500000000000
emp,PAK,1980,23.29096794128420000
avh,PAK,1980,2220.18730229189000000
rgdpo,PAK,1990,297573.78125000000000000
emp,PAK,1990,28.51160621643070000
avh,PAK,1990,2205.63176345924000000
rgdpo,PAK,2000,409898.46875000000000000
emp,PAK,2000,36.31999969482420000
avh,PAK,2000,2186.43676993238000000
rgdpo,PAK,2010,754436.00000000000000000
emp,PAK,2010,53.11954498291020000
avh,PAK,2010,2127.92344414768000000
rgdpo,PAK,2019,1088615.00000000000000000
emp,PAK,2019,63.08505249023440000
avh,PAK,2019,1966.90718046047000000
rgdpo,PAN,1960,3288.41918945313000000
rgdpo,PAN,1970,8085.42675781250000000
emp,PAN,1970,0.43430000543594400
rgdpo,PAN,1980,13401.66015625000000000
emp,PAN,1980,0.53835749626159700
rgdpo,PAN,1990,17174.62109375000000000
emp,PAN,1990,0.70061415433883700
rgdpo,PAN,2000,30390.41601562500000000
emp,PAN,2000,0.94010001420974700
rgdpo,PAN,2010,59490.98828125000000000
emp,PAN,2010,1.45529997348785000
rgdpo,PAN,2019,126859.30468750000000000
emp,PAN,2019,1.91989994049072000
rgdpo,PER,1960,29418.04687500000000000
emp,PER,1960,3.23737955093384000
avh,PER,1960,2390.28171637327000000
rgdpo,PER,1970,51450.26171875000000000
emp,PER,1970,3.96427750587463000
avh,PER,1970,2277.46758413762000000
rgdpo,PER,1980,75026.30468750000000000
emp,PER,1980,5.42591142654419000
avh,PER,1980,2194.46403226430000000
rgdpo,PER,1990,81681.86718750000000000
emp,PER,1990,7.72327804565430000
avh,PER,1990,2124.67849357041000000
rgdpo,PER,2000,138687.64062500000000000
emp,PER,2000,11.32048511505130000
avh,PER,2000,2101.23468405172000000
rgdpo,PER,2010,293577.75000000000000000
emp,PER,2010,14.22333908081050000
avh,PER,2010,2132.45685092450000000
rgdpo,PER,2019,397836.43750000000000000
emp,PER,2019,16.89040374755860000
avh,PER,2019,2139.60175949709000000
rgdpo,PHL,1960,53555.72656250000000000
emp,PHL,1960,8.34200668334961000
rgdpo,PHL,1970,87711.65625000000000000
emp,PHL,1970,11.09597301483150000
avh,PHL,1970,2112.94575981687000000
rgdpo,PHL,1980,165465.73437500000000000
emp,PHL,1980,16.05487060546880000
avh,PHL,1980,2133.51279980946000000
rgdpo,PHL,1990,253965.70312500000000000
emp,PHL,1990,22.01218986511230000
avh,PHL,1990,2191.85074734378000000
rgdpo,PHL,2000,354163.53125000000000000
emp,PHL,2000,28.34717178344730000
avh,PHL,2000,2160.45367914906000000
rgdpo,PHL,2010,546344.00000000000000000
emp,PHL,2010,36.14722061157230000
avh,PHL,2010,2124.37976911336000000
rgdpo,PHL,2019,913415.50000000000000000
emp,PHL,2019,42.42480087280270000
avh,PHL,2019,2168.29650047107000000
rgdpo,POL,1970,188707.84375000000000000
emp,POL,1970,14.16734409332280000
rgdpo,POL,1980,246156.89062500000000000
emp,POL,1980,16.10946846008300000
rgdpo,POL,1990,324636.40625000000000000
emp,POL,1990,15.08296680450440000
rgdpo,POL,2000,582649.50000000000000000
emp,POL,2000,14.47869300842290000
avh,POL,2000,2081.69736715209000000
rgdpo,POL,2010,897733.06250000000000000
emp,POL,2010,15.32640838623050000
avh,POL,2010,2048.80002342179000000
rgdpo,POL,2019,1211493.00000000000000000
emp,POL,2019,16.15910720825200000
avh,POL,2019,2022.63223188477000000
rgdpo,PRT,1960,39547.35937500000000000
emp,PRT,1960,3.15155768394470000
avh,PRT,1960,2256.39281076071000000
rgdpo,PRT,1970,72819.60156250000000000
emp,PRT,1970,3.14250230789185000
avh,PRT,1970,2102.06894608127000000
rgdpo,PRT,1980,113160.41406250000000000
emp,PRT,1980,3.88337683677673000
avh,PRT,1980,2058.16273442629000000
rgdpo,PRT,1990,156644.32812500000000000
emp,PRT,1990,4.46721506118774000
avh,PRT,1990,1972.38001817994000000
rgdpo,PRT,2000,255415.14062500000000000
emp,PRT,2000,5.07617187500000000
avh,PRT,2000,1920.56145946139000000
rgdpo,PRT,2010,305581.78125000000000000
emp,PRT,2010,4.91168737411499000
avh,PRT,2010,1893.63561901986000000
rgdpo,PRT,2019,325020.31250000000000000
emp,PRT,2019,4.96158933639526000
avh,PRT,2019,1864.58836048923000000
rgdpo,PRY,1960,4475.67675781250000000
emp,PRY,1960,0.67432940006256100
rgdpo,PRY,1970,7013.05810546875000000
emp,PRY,1970,0.87240153551101700
rgdpo,PRY,1980,14792.03417968750000000
emp,PRY,1980,1.18152570724487000
rgdpo,PRY,1990,22103.09960937500000000
emp,PRY,1990,1.54372489452362000
rgdpo,PRY,2000,27729.88671875000000000
emp,PRY,2000,2.01194500923157000
rgdpo,PRY,2010,65608.90625000000000000
emp,PRY,2010,2.67705368995667000
rgdpo,PRY,2019,86793.13281250000000000
emp,PRY,2019,3.35827970504761000
rgdpo,PSE,1970,1564.27368164063000000
rgdpo,PSE,1980,4006.65258789063000000
rgdpo,PSE,1990,5494.75195312500000000
emp,PSE,1990,0.39508000016212500
rgdpo,PSE,2000,11632.79003906250000000
emp,PSE,2000,0.60947638750076300
rgdpo,PSE,2010,17656.67382812500000000
emp,PSE,2010,0.73097825050354000
rgdpo,PSE,2019,36760.58593750000000000
emp,PSE,2019,0.99962866306304900
rgdpo,QAT,1970,11443.46386718750000000
emp,QAT,1970,0.04711644351482390
rgdpo,QAT,1980,20265.21289062500000000
emp,QAT,1980,0.09621367603540420
rgdpo,QAT,1990,17079.63867187500000000
emp,QAT,1990,0.25297251343727100
rgdpo,QAT,2000,38930.39843750000000000
emp,QAT,2000,0.32463887333869900
rgdpo,QAT,2010,256187.50000000000000000
emp,QAT,2010,1.27020001411438000
rgdpo,QAT,2019,323148.09375000000000000
emp,QAT,2019,2.08395123481750000
rgdpo,ROU,1960,28321.05859375000000000
emp,ROU,1960,10.14273452758790000
rgdpo,ROU,1970,61665.67187500000000000
emp,ROU,1970,10.28130817413330000
rgdpo,ROU,1980,155017.48437500000000000
emp,ROU,1980,10.35740375518800000
rgdpo,ROU,1990,192269.48437500000000000
emp,ROU,1990,10.90097141265870000
rgdpo,ROU,2000,189872.65625000000000000
emp,ROU,2000,10.89760017395020000
avh,ROU,2000,1852.99899736344000000
rgdpo,ROU,2010,377937.28125000000000000
emp,ROU,2010,8.71280002593994000
avh,ROU,2010,1840.66898946717000000
rgdpo,ROU,2019,539882.12500000000000000
emp,ROU,2019,8.68029975891113000
avh,ROU,2019,1791.73542917288000000
rgdpo,RUS,1990,2493482.00000000000000000
emp,RUS,1990,75.27922821044920000
rgdpo,RUS,2000,1445731.25000000000000000
emp,RUS,2000,65.05939483642580000
avh,RUS,2000,1982.00000000000000000
rgdpo,RUS,2010,3468139.25000000000000000
emp,RUS,2010,70.37236785888670000
avh,RUS,2010,1976.00000000000000000
rgdpo,RUS,2019,4160561.75000000000000000
emp,RUS,2019,71.67063903808590000
avh,RUS,2019,1965.00000000000000000
rgdpo,RWA,1960,3142.29638671875000000
emp,RWA,1960,1.43049621582031000
rgdpo,RWA,1970,4142.39990234375000000
emp,RWA,1970,1.68626785278320000
rgdpo,RWA,1980,6607.61669921875000000
emp,RWA,1980,2.23536133766174000
rgdpo,RWA,1990,8201.88671875000000000
emp,RWA,1990,3.13361310958862000
rgdpo,RWA,2000,7608.25634765625000000
emp,RWA,2000,3.33931159973145000
rgdpo,RWA,2010,16322.48730468750000000
emp,RWA,2010,4.48246526718140000
rgdpo,RWA,2019,28781.33007812500000000
emp,RWA,2019,5.27478694915771000
rgdpo,SAU,1970,142118.00000000000000000
emp,SAU,1970,1.16929161548615000
rgdpo,SAU,1980,412578.46875000000000000
emp,SAU,1980,3.05822539329529000
rgdpo,SAU,1990,305902.15625000000000000
emp,SAU,1990,5.02199935913086000
rgdpo,SAU,2000,464330.03125000000000000
emp,SAU,2000,5.77489519119263000
rgdpo,SAU,2010,1390037.12500000000000000
emp,SAU,2010,8.93005084991455000
rgdpo,SAU,2019,1775699.00000000000000000
emp,SAU,2019,13.74460506439210000
rgdpo,SDN,1970,18247.44140625000000000
emp,SDN,1970,2.35280942916870000
rgdpo,SDN,1980,33289.75781250000000000
emp,SDN,1980,3.25314879417419000
rgdpo,SDN,1990,40922.46484375000000000
emp,SDN,1990,4.57960748672485000
rgdpo,SDN,2000,61724.30468750000000000
emp,SDN,2000,6.75054931640625000
rgdpo,SDN,2010,177582.40625000000000000
emp,SDN,2010,8.41227626800537000
rgdpo,SDN,2019,552153.93750000000000000
emp,SDN,2019,10.32207202911380000
rgdpo,SEN,1960,9246.41113281250000000
emp,SEN,1960,0.77456098794937100
rgdpo,SEN,1970,10311.28125000000000000
emp,SEN,1970,1.00115633010864000
rgdpo,SEN,1980,12926.71679687500000000
emp,SEN,1980,1.61155545711517000
rgdpo,SEN,1990,21644.91210937500000000
emp,SEN,1990,2.60178518295288000
rgdpo,SEN,2000,27247.25976562500000000
emp,SEN,2000,3.22927522659302000
rgdpo,SEN,2010,39350.14453125000000000
emp,SEN,2010,4.32566165924072000
rgdpo,SEN,2019,52925.50390625000000000
emp,SEN,2019,6.14295387268066000
rgdpo,SGP,1960,4544.45410156250000000
emp,SGP,1960,0.48559668660163900
avh,SGP,1960,2400.39042628947000000
rgdpo,SGP,1970,14946.25878906250000000
emp,SGP,1970,0.64774763584137000
avh,SGP,1970,2347.52756662966000000
rgdpo,SGP,1980,47795.48437500000000000
emp,SGP,1980,1.06372320652008000
avh,SGP,1980,2281.19138502241000000
rgdpo,SGP,1990,86240.19531250000000000
emp,SGP,1990,1.52955627441406000
avh,SGP,1990,2431.68752962136000000
rgdpo,SGP,2000,163189.42187500000000000
emp,SGP,2000,2.08465480804443000
avh,SGP,2000,2574.27833434017000000
rgdpo,SGP,2010,369107.43750000000000000
emp,SGP,2010,3.10831499099731000
avh,SGP,2010,2476.23146008380000000
rgdpo,SGP,2019,477607.43750000000000000
emp,SGP,2019,3.75960373878479000
avh,SGP,2019,2330.16587486176000000
rgdpo,SLE,1970,3789.00976562500000000
rgdpo,SLE,1980,4204.40283203125000000
emp,SLE,1980,1.19468951225281000
rgdpo,SLE,1990,6812.72119140625000000
emp,SLE,1990,1.47492337226868000
rgdpo,SLE,2000,4767.10742187500000000
emp,SLE,2000,1.55537796020508000
rgdpo,SLE,2010,8106.01806640625000000
emp,SLE,2010,2.10310268402100000
rgdpo,SLE,2019,14648.42675781250000000
emp,SLE,2019,2.53552961349487000
rgdpo,SLV,1960,1959.79260253906000000
rgdpo,SLV,1970,3488.19213867188000000
rgdpo,SLV,1980,4868.04443359375000000
emp,SLV,1980,1.38700008392334000
rgdpo,SLV,1990,5525.17138671875000000
emp,SLV,1990,1.65704011917114000
rgdpo,SLV,2000,13678.30468750000000000
emp,SLV,2000,2.19889998435974000
rgdpo,SLV,2010,37401.50390625000000000
emp,SLV,2010,2.48026323318481000
rgdpo,SLV,2019,52365.02734375000000000
emp,SLV,2019,3.00761151313782000
rgdpo,SRB,1990,116129.75000000000000000
emp,SRB,1990,4.61394643783569000
rgdpo,SRB,2000,62378.40625000000000000
emp,SRB,2000,3.08479547500610000
rgdpo,SRB,2010,108461.03906250000000000
emp,SRB,2010,2.39926195144653000
rgdpo,SRB,2019,120402.78906250000000000
emp,SRB,2019,2.90519046783447000
rgdpo,STP,1970,172.11152648925800000
rgdpo,STP,1980,283.19119262695300000
emp,STP,1980,0.02723446302115920
rgdpo,STP,1990,233.20701599121100000
emp,STP,1990,0.03325846791267400
rgdpo,STP,2000,280.69406127929700000
emp,STP,2000,0.03750000149011610
rgdpo,STP,2010,567.45220947265600000
emp,STP,2010,0.05244386941194530
rgdpo,STP,2019,813.49597167968800000
emp,STP,2019,0.06460155546665190
rgdpo,SUR,1970,1805.95568847656000000
rgdpo,SUR,1980,2344.29150390625000000
emp,SUR,1980,0.09075186401605610
rgdpo,SUR,1990,2845.25610351563000000
emp,SUR,1990,0.09200268983840940
rgdpo,SUR,2000,3533.99658203125000000
emp,SUR,2000,0.13732933998107900
rgdpo,SUR,2010,7048.52685546875000000
emp,SUR,2010,0.20952019095420800
rgdpo,SUR,2019,8415.00683593750000000
emp,SUR,2019,0.22086516022682200
rgdpo,SVK,1990,104194.77343750000000000
emp,SVK,1990,2.44972229003906000
avh,SVK,1990,1827.64549167595000000
rgdpo,SVK,2000,89480.30468750000000000
emp,SVK,2000,2.04289054870605000
avh,SVK,2000,1815.60609427859000000
rgdpo,SVK,2010,146623.04687500000000000
emp,SVK,2010,2.19011259078979000
avh,SVK,2010,1805.15019679052000000
rgdpo,SVK,2019,149772.53125000000000000
emp,SVK,2019,2.46886086463928000
avh,SVK,2019,1694.94016521909000000
rgdpo,SVN,1990,40168.01953125000000000
emp,SVN,1990,1.12925302982330000
rgdpo,SVN,2000,47320.43359375000000000
emp,SVN,2000,0.91737592220306400
avh,SVN,2000,1710.07280757374000000
rgdpo,SVN,2010,60909.84375000000000000
emp,SVN,2010,0.96430760622024500
avh,SVN,2010,1680.33256523635000000
rgdpo,SVN,2019,70797.67968750000000000
emp,SVN,2019,1.04680585861206000
avh,SVN,2019,1592.93390367372000000
rgdpo,SWE,1960,100864.60156250000000000
emp,SWE,1960,3.66086864471436000
avh,SWE,1960,1888.77884073096000000
rgdpo,SWE,1970,159172.59375000000000000
emp,SWE,1970,3.96096920967102000
avh,SWE,1970,1703.71117333945000000
rgdpo,SWE,1980,188410.42187500000000000
emp,SWE,1980,4.28328227996826000
avh,SWE,1980,1514.60515409938000000
rgdpo,SWE,1990,259468.00000000000000000
emp,SWE,1990,4.60387134552002000
avh,SWE,1990,1558.67115858275000000
rgdpo,SWE,2000,353108.37500000000000000
emp,SWE,2000,4.30533695220947000
avh,SWE,2000,1643.43843005952000000
rgdpo,SWE,2010,434705.00000000000000000
emp,SWE,2010,4.49497747421265000
avh,SWE,2010,1640.51411133139000000
rgdpo,SWE,2019,525961.87500000000000000
emp,SWE,2019,5.00213670730591000
avh,SWE,2019,1605.27660238286000000
rgdpo,SWZ,1970,1031.29443359375000000
rgdpo,SWZ,1980,2296.79663085938000000
emp,SWZ,1980,0.13477151095867200
rgdpo,SWZ,1990,5558.76855468750000000
emp,SWZ,1990,0.18678405880928000
rgdpo,SWZ,2000,8741.11718750000000000
emp,SWZ,2000,0.23524013161659200
rgdpo,SWZ,2010,9328.34082031250000000
emp,SWZ,2010,0.25342121720314000
rgdpo,SWZ,2019,8985.05664062500000000
emp,SWZ,2019,0.31253039836883500
rgdpo,SXM,2010,1300.73217773438000000
rgdpo,SXM,2019,1313.41198730469000000
rgdpo,SYC,1960,264.04968261718800000
rgdpo,SYC,1970,470.27032470703100000
rgdpo,SYC,1980,1118.55505371094000000
rgdpo,SYC,1990,1383.12121582031000000
rgdpo,SYC,2000,1924.30004882813000000
emp,SYC,2000,0.03814885765314100
rgdpo,SYC,2010,1892.98156738281000000
emp,SYC,2010,0.04298505559563640
rgdpo,SYC,2019,2711.26684570313000000
emp,SYC,2019,0.05247287452220920
rgdpo,SYR,1960,11943.73339843750000000
emp,SYR,1960,1.40439021587372000
rgdpo,SYR,1970,22793.30273437500000000
emp,SYR,1970,1.73666727542877000
rgdpo,SYR,1980,22866.92968750000000000
emp,SYR,1980,2.41594314575195000
rgdpo,SYR,1990,18213.40429687500000000
emp,SYR,1990,3.30654716491699000
rgdpo,SYR,2000,28532.50781250000000000
emp,SYR,2000,4.40637969970703000
rgdpo,SYR,2010,132558.89062500000000000
emp,SYR,2010,5.26353216171265000
rgdpo,SYR,2019,122988.21093750000000000
emp,SYR,2019,4.76093482971191000
rgdpo,TCA,1970,56.31618499755860000
rgdpo,TCA,1980,153.88897705078100000
rgdpo,TCA,1990,419.77099609375000000
rgdpo,TCA,2000,581.45751953125000000
rgdpo,TCA,2010,273.40808105468800000
rgdpo,TCA,2019,607.81481933593800000
rgdpo,TCD,1960,4290.34033203125000000
emp,TCD,1960,1.19849550724030000
rgdpo,TCD,1970,5112.77783203125000000
emp,TCD,1970,1.44470810890198000
rgdpo,TCD,1980,4112.64794921875000000
emp,TCD,1980,1.77964866161346000
rgdpo,TCD,1990,7136.04248046875000000
emp,TCD,1990,2.28292775154114000
rgdpo,TCD,2000,8618.91308593750000000
emp,TCD,2000,3.27010798454285000
rgdpo,TCD,2010,25530.70898437500000000
emp,TCD,2010,4.45993757247925000
rgdpo,TCD,2019,25760.12695312500000000
emp,TCD,2019,5.95542907714844000
rgdpo,TGO,1960,1941.51794433594000000
rgdpo,TGO,1970,4158.97607421875000000
rgdpo,TGO,1980,6596.37988281250000000
emp,TGO,1980,1.06988227367401000
rgdpo,TGO,1990,7170.25781250000000000
emp,TGO,1990,1.50896394252777000
rgdpo,TGO,2000,7337.68505859375000000
emp,TGO,2000,2.02609705924988000
rgdpo,TGO,2010,8331.03222656250000000
emp,TGO,2010,2.61722302436829000
rgdpo,TGO,2019,18064.80468750000000000
emp,TGO,2019,3.17197084426880000
rgdpo,THA,1960,32982.84765625000000000
emp,THA,1960,11.96866130828860000
rgdpo,THA,1970,91697.62500000000000000
emp,THA,1970,15.20471477508540000
avh,THA,1970,2455.39398308555000000
rgdpo,THA,1980,177007.62500000000000000
emp,THA,1980,20.31340980529790000
avh,THA,1980,2710.09381784497000000
rgdpo,THA,1990,335121.75000000000000000
emp,THA,1990,28.70450973510740000
avh,THA,1990,2579.75468061814000000
rgdpo,THA,2000,488112.03125000000000000
emp,THA,2000,31.47385597229000000
avh,THA,2000,2502.65960501380000000
rgdpo,THA,2010,933372.06250000000000000
emp,THA,2010,38.01229095458980000
avh,THA,2010,2349.35640309388000000
rgdpo,THA,2019,1191566.75000000000000000
emp,THA,2019,37.54095840454100000
avh,THA,2019,2092.99009981099000000
rgdpo,TJK,1990,37699.46484375000000000
emp,TJK,1990,1.94334495067596000
rgdpo,TJK,2000,7834.74218750000000000
emp,TJK,2000,1.74236679077148000
rgdpo,TJK,2010,22940.77539062500000000
emp,TJK,2010,2.24504280090332000
rgdpo,TJK,2019,36276.87500000000000000
emp,TJK,2019,2.68257808685303000
rgdpo,TKM,1990,43279.16015625000000000
emp,TKM,1990,1.48647761344910000
rgdpo,TKM,2000,36263.90625000000000000
emp,TKM,2000,1.96508932113647000
rgdpo,TKM,2010,91605.37500000000000000
emp,TKM,2010,2.62117576599121000
rgdpo,TKM,2019,154558.25000000000000000
emp,TKM,2019,3.23603343963623000
rgdpo,TTO,1960,9099.49023437500000000
emp,TTO,1960,0.25908607244491600
rgdpo,TTO,1970,15701.56445312500000000
emp,TTO,1970,0.31720000505447400
rgdpo,TTO,1980,25498.68164062500000000
emp,TTO,1980,0.38789999485015900
rgdpo,TTO,1990,14884.72070312500000000
emp,TTO,1990,0.37409999966621400
rgdpo,TTO,2000,18501.55859375000000000
emp,TTO,2000,0.50310003757476800
avh,TTO,2000,1663.89533757850000000
rgdpo,TTO,2010,42358.78125000000000000
emp,TTO,2010,0.58230000734329200
rgdpo,TTO,2019,39959.92968750000000000
emp,TTO,2019,0.61371701955795300
rgdpo,TUN,1960,7697.47949218750000000
emp,TUN,1960,1.20069539546967000
rgdpo,TUN,1970,14615.22656250000000000
emp,TUN,1970,1.37393093109131000
rgdpo,TUN,1980,31522.10937500000000000
emp,TUN,1980,1.72568047046661000
rgdpo,TUN,1990,51319.49218750000000000
emp,TUN,1990,2.28330564498901000
rgdpo,TUN,2000,89388.82812500000000000
emp,TUN,2000,3.00042128562927000
rgdpo,TUN,2010,127847.51562500000000000
emp,TUN,2010,3.57477474212646000
rgdpo,TUN,2019,129662.55468750000000000
emp,TUN,2019,3.68708443641663000
rgdpo,TUR,1960,141186.68750000000000000
emp,TUR,1960,10.29637336730960000
rgdpo,TUR,1970,251466.00000000000000000
emp,TUR,1970,11.37281608581540000
avh,TUR,1970,2086.00000000000000000
rgdpo,TUR,1980,369758.40625000000000000
emp,TUR,1980,13.69253540039060000
avh,TUR,1980,1957.00000000000000000
rgdpo,TUR,1990,617099.56250000000000000
emp,TUR,1990,17.73916816711430000
avh,TUR,1990,1866.00000000000000000
rgdpo,TUR,2000,828488.00000000000000000
emp,TUR,2000,20.09259605407710000
avh,TUR,2000,1937.00000000000000000
rgdpo,TUR,2010,1430062.50000000000000000
emp,TUR,2010,22.58151817321780000
avh,TUR,2010,1877.00000000000000000
rgdpo,TUR,2019,2247839.50000000000000000
emp,TUR,2019,28.08733367919920000
avh,TUR,2019,1832.00000000000000000
rgdpo,TWN,1960,27800.84179687500000000
emp,TWN,1960,3.43373179435730000
avh,TWN,1960,2330.22139186319000000
rgdpo,TWN,1970,78150.71093750000000000
emp,TWN,1970,4.75002670288086000
avh,TWN,1970,2301.47487256976000000
rgdpo,TWN,1980,210324.57812500000000000
emp,TWN,1980,6.84890413284302000
avh,TWN,1980,2313.90880997521000000
rgdpo,TWN,1990,455691.78125000000000000
emp,TWN,1990,8.64918994903564000
avh,TWN,1990,2230.64404715128000000
rgdpo,TWN,2000,788683.56250000000000000
emp,TWN,2000,9.59665679931641000
avh,TWN,2000,2180.49595274313000000
rgdpo,TWN,2010,964265.18750000000000000
emp,TWN,2010,10.49314498901370000
avh,TWN,2010,2062.69523787443000000
rgdpo,TWN,2019,1103138.37500000000000000
emp,TWN,2019,11.50000000000000000
avh,TWN,2019,2085.13533253157000000
rgdpo,TZA,1960,11683.14160156250000000
emp,TZA,1960,4.31986284255981000
rgdpo,TZA,1970,22699.61132812500000000
emp,TZA,1970,5.73235416412354000
rgdpo,TZA,1980,32248.76367187500000000
emp,TZA,1980,7.91339111328125000
rgdpo,TZA,1990,26851.70117187500000000
emp,TZA,1990,10.56938076019290000
rgdpo,TZA,2000,38671.42187500000000000
emp,TZA,2000,13.44048213958740000
rgdpo,TZA,2010,98460.60937500000000000
emp,TZA,2010,18.24154281616210000
rgdpo,TZA,2019,133007.25000000000000000
emp,TZA,2019,23.67014312744140000
rgdpo,UGA,1960,6085.25634765625000000
emp,UGA,1960,2.62964296340942000
rgdpo,UGA,1970,10398.61328125000000000
emp,UGA,1970,3.22614574432373000
rgdpo,UGA,1980,10303.75390625000000000
emp,UGA,1980,3.78440952301025000
rgdpo,UGA,1990,15558.29101562500000000
emp,UGA,1990,4.66174936294556000
rgdpo,UGA,2000,30291.32226562500000000
emp,UGA,2000,6.73567390441895000
rgdpo,UGA,2010,63126.60937500000000000
emp,UGA,2010,10.10500907897950000
rgdpo,UGA,2019,92618.53906250000000000
emp,UGA,2019,15.49187564849850000
rgdpo,UKR,1990,614653.37500000000000000
emp,UKR,1990,25.06768035888670000
rgdpo,UKR,2000,237793.84375000000000000
emp,UKR,2000,19.88604545593260000
rgdpo,UKR,2010,440122.37500000000000000
emp,UKR,2010,20.25287818908690000
rgdpo,UKR,2019,578133.62500000000000000
emp,UKR,2019,16.49907684326170000
rgdpo,URY,1960,18814.76367187500000000
emp,URY,1960,0.94540470838546800
rgdpo,URY,1970,23006.73242187500000000
emp,URY,1970,1.02847027778625000
rgdpo,URY,1980,29880.96679687500000000
emp,URY,1980,1.06901025772095000
rgdpo,URY,1990,30051.80664062500000000
emp,URY,1990,1.26368558406830000
avh,URY,1990,1788.00000000000000000
rgdpo,URY,2000,39231.90625000000000000
emp,URY,2000,1.39331030845642000
avh,URY,2000,1704.07686449945000000
rgdpo,URY,2010,59497.00000000000000000
emp,URY,2010,1.60387504100800000
avh,URY,2010,1597.60669198219000000
rgdpo,URY,2019,71128.68750000000000000
emp,URY,2019,1.63537883758545000
avh,URY,2019,1532.51374047687000000
rgdpo,USA,1960,3522132.00000000000000000
emp,USA,1960,70.95693969726560000
avh,USA,1960,1935.26304062498000000
rgdpo,USA,1970,5330992.50000000000000000
emp,USA,1970,84.69689178466800000
avh,USA,1970,1893.42364272738000000
rgdpo,USA,1980,7309394.00000000000000000
emp,USA,1980,103.07093048095700000
avh,USA,1980,1801.61144491269000000
rgdpo,USA,1990,9978218.00000000000000000
emp,USA,1990,123.04602050781300000
avh,USA,1990,1795.56790977175000000
rgdpo,USA,2000,14096040.00000000000000000
emp,USA,2000,138.63610839843800000
avh,USA,2000,1844.85397958194000000
rgdpo,USA,2010,16651784.00000000000000000
emp,USA,2010,140.71380615234400000
avh,USA,2010,1735.01120602315000000
rgdpo,USA,2019,20596100.00000000000000000
emp,USA,2019,158.29959106445300000
avh,USA,2019,1765.34639005922000000
rgdpo,UZB,1990,127792.20312500000000000
emp,UZB,1990,7.82651090621948000
rgdpo,UZB,2000,110057.33593750000000000
emp,UZB,2000,8.88553905487061000
rgdpo,UZB,2010,215657.15625000000000000
emp,UZB,2010,11.89980125427250000
rgdpo,UZB,2019,414524.21875000000000000
emp,UZB,2019,14.62453460693360000
rgdpo,VCT,1970,374.53536987304700000
rgdpo,VCT,1980,484.27053833007800000
emp,VCT,1980,0.02634403854608540
rgdpo,VCT,1990,712.92718505859400000
emp,VCT,1990,0.03277187794446950
rgdpo,VCT,2000,938.19500732421900000
emp,VCT,2000,0.03435802087187770
rgdpo,VCT,2010,1102.81347656250000000
emp,VCT,2010,0.03752606734633450
rgdpo,VCT,2019,1227.01184082031000000
emp,VCT,2019,0.04046657681465150
rgdpo,VEN,1960,61236.45312500000000000
emp,VEN,1960,2.34609985351563000
avh,VEN,1960,2024.00000000000000000
rgdpo,VEN,1970,116961.97656250000000000
emp,VEN,1970,3.08286809921265000
avh,VEN,1970,1951.00000000000000000
rgdpo,VEN,1980,180441.12500000000000000
emp,VEN,1980,4.63509988784790000
avh,VEN,1980,1997.00000000000000000
rgdpo,VEN,1990,166752.07812500000000000
emp,VEN,1990,6.40450000762939000
avh,VEN,1990,1889.00000000000000000
rgdpo,VEN,2000,209675.81250000000000000
emp,VEN,2000,8.83520030975342000
avh,VEN,2000,1898.51177944182000000
rgdpo,VEN,2010,540265.25000000000000000
emp,VEN,2010,12.00979995727540000
rgdpo,VEN,2019,7159.83251953125000000
emp,VEN,2019,11.69439983367920000
rgdpo,VGB,1970,76.35607910156250000
rgdpo,VGB,1980,118.97069549560500000
rgdpo,VGB,1990,200.24623107910200000
rgdpo,VGB,2000,978.90661621093800000
emp,VGB,2000,0.00981371197849512
rgdpo,VGB,2010,827.56335449218800000
emp,VGB,2010,0.01292401738464830
rgdpo,VGB,2019,1120.92297363281000000
emp,VGB,2019,0.01396374125033620
rgdpo,VNM,1970,40066.19140625000000000
emp,VNM,1970,15.57606697082520000
avh,VNM,1970,2986.84745303460000000
rgdpo,VNM,1980,62138.82812500000000000
emp,VNM,1980,22.06488037109380000
avh,VNM,1980,2534.25296128819000000
rgdpo,VNM,1990,85196.50781250000000000
emp,VNM,1990,29.04919815063480000
avh,VNM,1990,2349.80420639479000000
rgdpo,VNM,2000,186307.46875000000000000
emp,VNM,2000,37.05180358886720000
avh,VNM,2000,2393.65671057478000000
rgdpo,VNM,2010,418790.37500000000000000
emp,VNM,2010,49.04850006103520000
avh,VNM,2010,2299.99859928988000000
rgdpo,VNM,2019,724026.87500000000000000
emp,VNM,2019,50.39956283569340000
avh,VNM,2019,2131.96823176583000000
rgdpo,YEM,1990,9586.54199218750000000
emp,YEM,1990,2.14801573753357000
rgdpo,YEM,2000,24423.20898437500000000
emp,YEM,2000,3.40888476371765000
rgdpo,YEM,2010,113230.39062500000000000
emp,YEM,2010,4.29560327529907000
rgdpo,YEM,2019,51817.65234375000000000
emp,YEM,2019,5.53187704086304000
rgdpo,ZAF,1960,114473.77343750000000000
emp,ZAF,1960,7.16199970245361000
rgdpo,ZAF,1970,201653.32812500000000000
emp,ZAF,1970,7.94773912429810000
rgdpo,ZAF,1980,294205.53125000000000000
emp,ZAF,1980,8.49301338195801000
rgdpo,ZAF,1990,349985.12500000000000000
emp,ZAF,1990,11.59875679016110000
rgdpo,ZAF,2000,442236.84375000000000000
emp,ZAF,2000,13.83476161956790000
rgdpo,ZAF,2010,660456.87500000000000000
emp,ZAF,2010,15.72751903533940000
avh,ZAF,2010,2235.74297377937000000
rgdpo,ZAF,2019,733993.00000000000000000
emp,ZAF,2019,18.64270973205570000
avh,ZAF,2019,2191.36336158219000000
rgdpo,ZMB,1960,5879.04052734375000000
emp,ZMB,1960,1.04061591625214000
rgdpo,ZMB,1970,9507.42773437500000000
emp,ZMB,1970,1.32142257690430000
rgdpo,ZMB,1980,9352.99218750000000000
emp,ZMB,1980,1.74334776401520000
rgdpo,ZMB,1990,10770.32519531250000000
emp,ZMB,1990,2.38914108276367000
rgdpo,ZMB,2000,13460.59570312500000000
emp,ZMB,2000,2.83980846405029000
rgdpo,ZMB,2010,45005.02734375000000000
emp,ZMB,2010,3.70416998863220000
rgdpo,ZMB,2019,56783.14453125000000000
emp,ZMB,2019,5.22544765472412000
rgdpo,ZWE,1960,9417.03320312500000000
emp,ZWE,1960,1.73208212852478000
rgdpo,ZWE,1970,15303.85546875000000000
emp,ZWE,1970,2.26317644119263000
rgdpo,ZWE,1980,23112.69921875000000000
emp,ZWE,1980,3.13854598999023000
rgdpo,ZWE,1990,55286.45312500000000000
emp,ZWE,1990,4.56809329986572000
rgdpo,ZWE,2000,39879.61328125000000000
emp,ZWE,2000,5.06589412689209000
rgdpo,ZWE,2010,28972.04296875000000000
emp,ZWE,2010,5.75327444076538000
rgdpo,ZWE,2019,40820.29687500000000000
emp,ZWE,2019,6.83101654052734000
